,Age,Survived_0,Survived_1,Pclass_1,Pclass_2,Pclass_3,Honorific_Master.,Honorific_Mr.,Sex_female,Sex_male,FamilySize_Alone,FamilySize_Large,FamilySize_Medium,FareGroup_HighFare,FareGroup_LowFare,FareGroup_MediumFare,Embarked_C,Embarked_Q,Embarked_S,YoungWomen,MarriedWomen,RareHonorific
745,70.0,1,0,1,0,0,0,0,0,1,0,0,1,1,0,0,0,0,1,0,0,1
647,56.0,0,1,1,0,0,0,0,0,1,1,0,0,1,0,0,1,0,0,0,0,1
694,60.0,1,0,1,0,0,0,0,0,1,1,0,0,1,0,0,0,0,1,0,0,1
30,40.0,1,0,1,0,0,0,0,0,1,1,0,0,1,0,0,1,0,0,0,0,1
245,44.0,1,0,1,0,0,0,0,0,1,0,0,1,1,0,0,0,1,0,0,0,1
632,32.0,0,1,1,0,0,0,0,0,1,1,0,0,1,0,0,1,0,0,0,0,1
660,50.0,0,1,1,0,0,0,0,0,1,0,0,1,1,0,0,0,0,1,0,0,1
766,46.5,1,0,1,0,0,0,0,0,1,1,0,0,1,0,0,1,0,0,0,0,1
796,49.0,0,1,1,0,0,0,0,1,0,1,0,0,0,0,1,0,0,1,0,0,1
822,38.0,1,0,1,0,0,0,0,0,1,1,0,0,0,1,0,0,0,1,0,0,1
556,48.0,0,1,1,0,0,0,0,1,0,0,0,1,1,0,0,1,0,0,0,0,1
449,52.0,0,1,1,0,0,0,0,0,1,1,0,0,1,0,0,0,0,1,0,0,1
536,45.0,1,0,1,0,0,0,0,0,1,1,0,0,1,0,0,0,0,1,0,0,1
305,0.92,0,1,1,0,0,1,0,0,1,0,0,1,1,0,0,0,0,1,0,0,0
445,4.0,0,1,1,0,0,1,0,0,1,0,0,1,1,0,0,0,0,1,0,0,0
802,11.0,0,1,1,0,0,1,0,0,1,0,0,1,1,0,0,0,0,1,0,0,0
11,58.0,0,1,1,0,0,0,0,1,0,1,0,0,1,0,0,0,0,1,1,0,0
61,38.0,0,1,1,0,0,0,0,1,0,1,0,0,1,0,0,0,0,1,1,0,0
88,23.0,0,1,1,0,0,0,0,1,0,0,1,0,1,0,0,0,0,1,1,0,0
136,19.0,0,1,1,0,0,0,0,1,0,0,0,1,1,0,0,0,0,1,1,0,0
177,50.0,1,0,1,0,0,0,0,1,0,1,0,0,1,0,0,1,0,0,1,0,0
195,58.0,0,1,1,0,0,0,0,1,0,1,0,0,1,0,0,1,0,0,1,0,0
215,31.0,0,1,1,0,0,0,0,1,0,0,0,1,1,0,0,1,0,0,1,0,0
218,32.0,0,1,1,0,0,0,0,1,0,1,0,0,1,0,0,1,0,0,1,0,0
257,30.0,0,1,1,0,0,0,0,1,0,1,0,0,1,0,0,0,0,1,1,0,0
258,35.0,0,1,1,0,0,0,0,1,0,1,0,0,1,0,0,1,0,0,1,0,0
269,35.0,0,1,1,0,0,0,0,1,0,1,0,0,1,0,0,0,0,1,1,0,0
275,63.0,0,1,1,0,0,0,0,1,0,0,0,1,1,0,0,0,0,1,1,0,0
290,26.0,0,1,1,0,0,0,0,1,0,1,0,0,1,0,0,0,0,1,1,0,0
297,2.0,1,0,1,0,0,0,0,1,0,0,0,1,1,0,0,0,0,1,1,0,0
306,21.0,0,1,1,0,0,0,0,1,0,1,0,0,1,0,0,1,0,0,1,0,0
309,30.0,0,1,1,0,0,0,0,1,0,1,0,0,1,0,0,1,0,0,1,0,0
310,24.0,0,1,1,0,0,0,0,1,0,1,0,0,1,0,0,1,0,0,1,0,0
311,18.0,0,1,1,0,0,0,0,1,0,0,1,0,1,0,0,1,0,0,1,0,0
318,31.0,0,1,1,0,0,0,0,1,0,0,0,1,1,0,0,0,0,1,1,0,0
325,36.0,0,1,1,0,0,0,0,1,0,1,0,0,1,0,0,1,0,0,1,0,0
329,16.0,0,1,1,0,0,0,0,1,0,0,0,1,1,0,0,1,0,0,1,0,0
337,41.0,0,1,1,0,0,0,0,1,0,1,0,0,1,0,0,1,0,0,1,0,0
341,24.0,0,1,1,0,0,0,0,1,0,0,1,0,1,0,0,0,0,1,1,0,0
356,22.0,0,1,1,0,0,0,0,1,0,0,0,1,1,0,0,0,0,1,1,0,0
380,42.0,0,1,1,0,0,0,0,1,0,1,0,0,1,0,0,1,0,0,1,0,0
393,23.0,0,1,1,0,0,0,0,1,0,0,0,1,1,0,0,1,0,0,1,0,0
412,33.0,0,1,1,0,0,0,0,1,0,0,0,1,1,0,0,0,1,0,1,0,0
435,14.0,0,1,1,0,0,0,0,1,0,0,0,1,1,0,0,0,0,1,1,0,0
496,54.0,0,1,1,0,0,0,0,1,0,0,0,1,1,0,0,1,0,0,1,0,0
504,16.0,0,1,1,0,0,0,0,1,0,1,0,0,1,0,0,0,0,1,1,0,0
520,30.0,0,1,1,0,0,0,0,1,0,1,0,0,1,0,0,0,0,1,1,0,0
537,30.0,0,1,1,0,0,0,0,1,0,1,0,0,1,0,0,1,0,0,1,0,0
539,22.0,0,1,1,0,0,0,0,1,0,0,0,1,1,0,0,1,0,0,1,0,0
540,36.0,0,1,1,0,0,0,0,1,0,0,0,1,1,0,0,0,0,1,1,0,0
585,18.0,0,1,1,0,0,0,0,1,0,0,0,1,1,0,0,0,0,1,1,0,0
609,40.0,0,1,1,0,0,0,0,1,0,1,0,0,1,0,0,0,0,1,1,0,0
627,21.0,0,1,1,0,0,0,0,1,0,1,0,0,1,0,0,0,0,1,1,0,0
689,15.0,0,1,1,0,0,0,0,1,0,0,0,1,1,0,0,0,0,1,1,0,0
708,22.0,0,1,1,0,0,0,0,1,0,1,0,0,1,0,0,0,0,1,1,0,0
716,38.0,0,1,1,0,0,0,0,1,0,1,0,0,1,0,0,1,0,0,1,0,0
730,29.0,0,1,1,0,0,0,0,1,0,1,0,0,1,0,0,0,0,1,1,0,0
742,21.0,0,1,1,0,0,0,0,1,0,0,1,0,1,0,0,1,0,0,1,0,0
835,39.0,0,1,1,0,0,0,0,1,0,0,0,1,1,0,0,1,0,0,1,0,0
842,30.0,0,1,1,0,0,0,0,1,0,1,0,0,1,0,0,1,0,0,1,0,0
853,16.0,0,1,1,0,0,0,0,1,0,0,0,1,1,0,0,0,0,1,1,0,0
887,19.0,0,1,1,0,0,0,0,1,0,1,0,0,1,0,0,0,0,1,1,0,0
641,24.0,0,1,1,0,0,0,0,1,0,1,0,0,1,0,0,1,0,0,1,0,0
710,24.0,0,1,1,0,0,0,0,1,0,1,0,0,1,0,0,1,0,0,1,0,0
369,24.0,0,1,1,0,0,0,0,1,0,1,0,0,1,0,0,1,0,0,0,1,0
6,54.0,1,0,1,0,0,0,1,0,1,1,0,0,1,0,0,0,0,1,0,0,0
23,28.0,0,1,1,0,0,0,1,0,1,1,0,0,1,0,0,0,0,1,0,0,0
27,19.0,1,0,1,0,0,0,1,0,1,0,1,0,1,0,0,0,0,1,0,0,0
34,28.0,1,0,1,0,0,0,1,0,1,0,0,1,1,0,0,1,0,0,0,0,0
35,42.0,1,0,1,0,0,0,1,0,1,0,0,1,1,0,0,0,0,1,0,0,0
54,65.0,1,0,1,0,0,0,1,0,1,0,0,1,1,0,0,1,0,0,0,0,0
55,30.0,0,1,1,0,0,0,1,0,1,1,0,0,1,0,0,0,0,1,0,0,0
62,45.0,1,0,1,0,0,0,1,0,1,0,0,1,1,0,0,0,0,1,0,0,0
64,30.0,1,0,1,0,0,0,1,0,1,1,0,0,1,0,0,1,0,0,0,0,0
83,28.0,1,0,1,0,0,0,1,0,1,1,0,0,1,0,0,0,0,1,0,0,0
92,46.0,1,0,1,0,0,0,1,0,1,0,0,1,1,0,0,0,0,1,0,0,0
96,71.0,1,0,1,0,0,0,1,0,1,1,0,0,1,0,0,1,0,0,0,0,0
97,23.0,0,1,1,0,0,0,1,0,1,0,0,1,1,0,0,1,0,0,0,0,0
102,21.0,1,0,1,0,0,0,1,0,1,0,0,1,1,0,0,0,0,1,0,0,0
110,47.0,1,0,1,0,0,0,1,0,1,1,0,0,1,0,0,0,0,1,0,0,0
118,24.0,1,0,1,0,0,0,1,0,1,0,0,1,1,0,0,1,0,0,0,0,0
124,54.0,1,0,1,0,0,0,1,0,1,0,0,1,1,0,0,0,0,1,0,0,0
137,37.0,1,0,1,0,0,0,1,0,1,0,0,1,1,0,0,0,0,1,0,0,0
139,24.0,1,0,1,0,0,0,1,0,1,1,0,0,1,0,0,1,0,0,0,0,0
155,51.0,1,0,1,0,0,0,1,0,1,0,0,1,1,0,0,1,0,0,0,0,0
168,30.0,1,0,1,0,0,0,1,0,1,1,0,0,0,0,1,0,0,1,0,0,0
170,61.0,1,0,1,0,0,0,1,0,1,1,0,0,1,0,0,0,0,1,0,0,0
174,56.0,1,0,1,0,0,0,1,0,1,1,0,0,1,0,0,1,0,0,0,0,0
185,30.0,1,0,1,0,0,0,1,0,1,1,0,0,1,0,0,0,0,1,0,0,0
187,45.0,0,1,1,0,0,0,1,0,1,1,0,0,1,0,0,0,0,1,0,0,0
209,40.0,0,1,1,0,0,0,1,0,1,1,0,0,1,0,0,1,0,0,0,0,0
224,38.0,0,1,1,0,0,0,1,0,1,0,0,1,1,0,0,0,0,1,0,0,0
248,37.0,0,1,1,0,0,0,1,0,1,0,0,1,1,0,0,0,0,1,0,0,0
252,62.0,1,0,1,0,0,0,1,0,1,1,0,0,1,0,0,0,0,1,0,0,0
262,52.0,1,0,1,0,0,0,1,0,1,0,0,1,1,0,0,0,0,1,0,0,0
263,40.0,1,0,1,0,0,0,1,0,1,1,0,0,0,1,0,0,0,1,0,0,0
270,30.0,1,0,1,0,0,0,1,0,1,1,0,0,1,0,0,0,0,1,0,0,0
273,37.0,1,0,1,0,0,0,1,0,1,0,0,1,1,0,0,1,0,0,0,0,0
284,30.0,1,0,1,0,0,0,1,0,1,1,0,0,0,0,1,0,0,1,0,0,0
295,30.0,1,0,1,0,0,0,1,0,1,1,0,0,1,0,0,1,0,0,0,0,0
298,30.0,0,1,1,0,0,0,1,0,1,1,0,0,1,0,0,0,0,1,0,0,0
331,45.5,1,0,1,0,0,0,1,0,1,1,0,0,1,0,0,0,0,1,0,0,0
332,38.0,1,0,1,0,0,0,1,0,1,0,0,1,1,0,0,0,0,1,0,0,0
336,29.0,1,0,1,0,0,0,1,0,1,0,0,1,1,0,0,0,0,1,0,0,0
339,45.0,1,0,1,0,0,0,1,0,1,1,0,0,1,0,0,0,0,1,0,0,0
351,30.0,1,0,1,0,0,0,1,0,1,1,0,0,1,0,0,0,0,1,0,0,0
370,25.0,0,1,1,0,0,0,1,0,1,0,0,1,1,0,0,1,0,0,0,0,0
373,22.0,1,0,1,0,0,0,1,0,1,1,0,0,1,0,0,1,0,0,0,0,0
377,27.0,1,0,1,0,0,0,1,0,1,0,0,1,1,0,0,1,0,0,0,0,0
390,36.0,0,1,1,0,0,0,1,0,1,0,0,1,1,0,0,0,0,1,0,0,0
430,28.0,0,1,1,0,0,0,1,0,1,1,0,0,1,0,0,0,0,1,0,0,0
434,50.0,1,0,1,0,0,0,1,0,1,0,0,1,1,0,0,0,0,1,0,0,0
438,64.0,1,0,1,0,0,0,1,0,1,0,1,0,1,0,0,0,0,1,0,0,0
447,34.0,0,1,1,0,0,0,1,0,1,1,0,0,1,0,0,0,0,1,0,0,0
452,30.0,1,0,1,0,0,0,1,0,1,1,0,0,1,0,0,1,0,0,0,0,0
453,49.0,0,1,1,0,0,0,1,0,1,0,0,1,1,0,0,1,0,0,0,0,0
456,65.0,1,0,1,0,0,0,1,0,1,1,0,0,1,0,0,0,0,1,0,0,0
460,48.0,0,1,1,0,0,0,1,0,1,1,0,0,1,0,0,0,0,1,0,0,0
462,47.0,1,0,1,0,0,0,1,0,1,1,0,0,1,0,0,0,0,1,0,0,0
467,56.0,1,0,1,0,0,0,1,0,1,1,0,0,1,0,0,0,0,1,0,0,0
475,30.0,1,0,1,0,0,0,1,0,1,1,0,0,1,0,0,0,0,1,0,0,0
484,25.0,0,1,1,0,0,0,1,0,1,0,0,1,1,0,0,1,0,0,0,0,0
487,58.0,1,0,1,0,0,0,1,0,1,1,0,0,1,0,0,1,0,0,0,0,0
492,55.0,1,0,1,0,0,0,1,0,1,1,0,0,1,0,0,0,0,1,0,0,0
493,71.0,1,0,1,0,0,0,1,0,1,1,0,0,1,0,0,1,0,0,0,0,0
505,18.0,1,0,1,0,0,0,1,0,1,0,0,1,1,0,0,1,0,0,0,0,0
507,30.0,0,1,1,0,0,0,1,0,1,1,0,0,1,0,0,0,0,1,0,0,0
512,36.0,0,1,1,0,0,0,1,0,1,1,0,0,1,0,0,0,0,1,0,0,0
515,47.0,1,0,1,0,0,0,1,0,1,1,0,0,1,0,0,0,0,1,0,0,0
527,30.0,1,0,1,0,0,0,1,0,1,1,0,0,1,0,0,0,0,1,0,0,0
544,50.0,1,0,1,0,0,0,1,0,1,0,0,1,1,0,0,1,0,0,0,0,0
545,64.0,1,0,1,0,0,0,1,0,1,1,0,0,0,0,1,0,0,1,0,0,0
550,17.0,0,1,1,0,0,0,1,0,1,0,0,1,1,0,0,1,0,0,0,0,0
555,62.0,1,0,1,0,0,0,1,0,1,1,0,0,1,0,0,0,0,1,0,0,0
557,30.0,1,0,1,0,0,0,1,0,1,1,0,0,1,0,0,1,0,0,0,0,0
572,36.0,0,1,1,0,0,0,1,0,1,1,0,0,1,0,0,0,0,1,0,0,0
583,36.0,1,0,1,0,0,0,1,0,1,1,0,0,1,0,0,1,0,0,0,0,0
587,60.0,0,1,1,0,0,0,1,0,1,0,0,1,1,0,0,1,0,0,0,0,0
602,30.0,1,0,1,0,0,0,1,0,1,1,0,0,1,0,0,0,0,1,0,0,0
604,35.0,0,1,1,0,0,0,1,0,1,1,0,0,1,0,0,1,0,0,0,0,0
607,27.0,0,1,1,0,0,0,1,0,1,1,0,0,1,0,0,0,0,1,0,0,0
621,42.0,0,1,1,0,0,0,1,0,1,0,0,1,1,0,0,0,0,1,0,0,0
625,61.0,1,0,1,0,0,0,1,0,1,1,0,0,1,0,0,0,0,1,0,0,0
630,80.0,0,1,1,0,0,0,1,0,1,1,0,0,1,0,0,0,0,1,0,0,0
633,30.0,1,0,1,0,0,0,1,0,1,1,0,0,0,1,0,0,0,1,0,0,0
645,48.0,0,1,1,0,0,0,1,0,1,0,0,1,1,0,0,1,0,0,0,0,0
659,58.0,1,0,1,0,0,0,1,0,1,0,0,1,1,0,0,1,0,0,0,0,0
662,47.0,1,0,1,0,0,0,1,0,1,1,0,0,0,0,1,0,0,1,0,0,0
671,31.0,1,0,1,0,0,0,1,0,1,0,0,1,1,0,0,0,0,1,0,0,0
679,36.0,0,1,1,0,0,0,1,0,1,0,0,1,1,0,0,1,0,0,0,0,0
681,27.0,0,1,1,0,0,0,1,0,1,1,0,0,1,0,0,1,0,0,0,0,0
690,31.0,0,1,1,0,0,0,1,0,1,0,0,1,1,0,0,0,0,1,0,0,0
698,49.0,1,0,1,0,0,0,1,0,1,0,0,1,1,0,0,1,0,0,0,0,0
701,35.0,0,1,1,0,0,0,1,0,1,1,0,0,1,0,0,0,0,1,0,0,0
707,42.0,0,1,1,0,0,0,1,0,1,1,0,0,1,0,0,0,0,1,0,0,0
711,30.0,1,0,1,0,0,0,1,0,1,1,0,0,1,0,0,0,0,1,0,0,0
712,48.0,0,1,1,0,0,0,1,0,1,0,0,1,1,0,0,0,0,1,0,0,0
724,27.0,0,1,1,0,0,0,1,0,1,0,0,1,1,0,0,0,0,1,0,0,0
737,35.0,0,1,1,0,0,0,1,0,1,1,0,0,1,0,0,1,0,0,0,0,0
740,30.0,0,1,1,0,0,0,1,0,1,1,0,0,1,0,0,0,0,1,0,0,0
741,36.0,1,0,1,0,0,0,1,0,1,0,0,1,1,0,0,0,0,1,0,0,0
748,19.0,1,0,1,0,0,0,1,0,1,0,0,1,1,0,0,0,0,1,0,0,0
782,29.0,1,0,1,0,0,0,1,0,1,1,0,0,1,0,0,0,0,1,0,0,0
789,46.0,1,0,1,0,0,0,1,0,1,1,0,0,1,0,0,1,0,0,0,0,0
793,30.0,1,0,1,0,0,0,1,0,1,1,0,0,1,0,0,1,0,0,0,0,0
806,39.0,1,0,1,0,0,0,1,0,1,1,0,0,0,1,0,0,0,1,0,0,0
815,30.0,1,0,1,0,0,0,1,0,1,1,0,0,0,1,0,0,0,1,0,0,0
839,30.0,0,1,1,0,0,0,1,0,1,1,0,0,1,0,0,1,0,0,0,0,0
857,51.0,0,1,1,0,0,0,1,0,1,1,0,0,1,0,0,0,0,1,0,0,0
867,31.0,1,0,1,0,0,0,1,0,1,1,0,0,1,0,0,0,0,1,0,0,0
872,33.0,1,0,1,0,0,0,1,0,1,1,0,0,0,1,0,0,0,1,0,0,0
889,26.0,0,1,1,0,0,0,1,0,1,1,0,0,1,0,0,1,0,0,0,0,0
1,38.0,0,1,1,0,0,0,0,1,0,0,0,1,1,0,0,1,0,0,0,1,0
3,35.0,0,1,1,0,0,0,0,1,0,0,0,1,1,0,0,0,0,1,0,1,0
31,35.0,0,1,1,0,0,0,0,1,0,0,0,1,1,0,0,1,0,0,0,1,0
52,49.0,0,1,1,0,0,0,0,1,0,0,0,1,1,0,0,1,0,0,0,1,0
151,22.0,0,1,1,0,0,0,0,1,0,0,0,1,1,0,0,0,0,1,0,1,0
166,35.0,0,1,1,0,0,0,0,1,0,0,0,1,1,0,0,0,0,1,0,1,0
194,44.0,0,1,1,0,0,0,0,1,0,1,0,0,1,0,0,1,0,0,0,1,0
230,35.0,0,1,1,0,0,0,0,1,0,0,0,1,1,0,0,0,0,1,0,1,0
256,35.0,0,1,1,0,0,0,0,1,0,1,0,0,1,0,0,1,0,0,0,1,0
268,58.0,0,1,1,0,0,0,0,1,0,0,0,1,1,0,0,0,0,1,0,1,0
291,19.0,0,1,1,0,0,0,0,1,0,0,0,1,1,0,0,1,0,0,0,1,0
299,50.0,0,1,1,0,0,0,0,1,0,0,0,1,1,0,0,1,0,0,0,1,0
307,17.0,0,1,1,0,0,0,0,1,0,0,0,1,1,0,0,1,0,0,0,1,0
319,40.0,0,1,1,0,0,0,0,1,0,0,0,1,1,0,0,1,0,0,0,1,0
334,35.0,0,1,1,0,0,0,0,1,0,0,0,1,1,0,0,0,0,1,0,1,0
366,60.0,0,1,1,0,0,0,0,1,0,0,0,1,1,0,0,1,0,0,0,1,0
375,35.0,0,1,1,0,0,0,0,1,0,0,0,1,1,0,0,1,0,0,0,1,0
383,35.0,0,1,1,0,0,0,0,1,0,0,0,1,1,0,0,0,0,1,0,1,0
457,35.0,0,1,1,0,0,0,0,1,0,0,0,1,1,0,0,0,0,1,0,1,0
486,35.0,0,1,1,0,0,0,0,1,0,0,0,1,1,0,0,0,0,1,0,1,0
498,25.0,1,0,1,0,0,0,0,1,0,0,0,1,1,0,0,0,0,1,0,1,0
513,54.0,0,1,1,0,0,0,0,1,0,0,0,1,1,0,0,1,0,0,0,1,0
523,44.0,0,1,1,0,0,0,0,1,0,0,0,1,1,0,0,1,0,0,0,1,0
558,39.0,0,1,1,0,0,0,0,1,0,0,0,1,1,0,0,0,0,1,0,1,0
571,53.0,0,1,1,0,0,0,0,1,0,0,0,1,1,0,0,0,0,1,0,1,0
577,39.0,0,1,1,0,0,0,0,1,0,0,0,1,1,0,0,0,0,1,0,1,0
581,39.0,0,1,1,0,0,0,0,1,0,0,0,1,1,0,0,1,0,0,0,1,0
591,52.0,0,1,1,0,0,0,0,1,0,0,0,1,1,0,0,1,0,0,0,1,0
669,35.0,0,1,1,0,0,0,0,1,0,0,0,1,1,0,0,0,0,1,0,1,0
700,18.0,0,1,1,0,0,0,0,1,0,0,0,1,1,0,0,1,0,0,0,1,0
763,36.0,0,1,1,0,0,0,0,1,0,0,0,1,1,0,0,0,0,1,0,1,0
765,51.0,0,1,1,0,0,0,0,1,0,0,0,1,1,0,0,0,0,1,0,1,0
779,43.0,0,1,1,0,0,0,0,1,0,0,0,1,1,0,0,0,0,1,0,1,0
781,17.0,0,1,1,0,0,0,0,1,0,0,0,1,1,0,0,0,0,1,0,1,0
809,33.0,0,1,1,0,0,0,0,1,0,0,0,1,1,0,0,0,0,1,0,1,0
820,52.0,0,1,1,0,0,0,0,1,0,0,0,1,1,0,0,0,0,1,0,1,0
829,62.0,0,1,1,0,0,0,0,1,0,1,0,0,1,0,0,0,0,1,0,1,0
849,35.0,0,1,1,0,0,0,0,1,0,0,0,1,1,0,0,1,0,0,0,1,0
856,45.0,0,1,1,0,0,0,0,1,0,0,0,1,1,0,0,0,0,1,0,1,0
862,48.0,0,1,1,0,0,0,0,1,0,1,0,0,0,0,1,0,0,1,0,1,0
871,47.0,0,1,1,0,0,0,0,1,0,0,0,1,1,0,0,0,0,1,0,1,0
879,56.0,0,1,1,0,0,0,0,1,0,0,0,1,1,0,0,1,0,0,0,1,0
599,49.0,0,1,1,0,0,0,0,0,1,0,0,1,1,0,0,1,0,0,0,0,1
759,33.0,0,1,1,0,0,0,0,1,0,1,0,0,1,0,0,0,0,1,0,0,1
317,54.0,1,0,0,1,0,0,0,0,1,1,0,0,0,1,0,0,0,1,0,0,1
398,23.0,1,0,0,1,0,0,0,0,1,1,0,0,0,1,0,0,0,1,0,0,1
78,0.83,0,1,0,1,0,1,0,0,1,0,0,1,1,0,0,0,0,1,0,0,0
183,1.0,0,1,0,1,0,1,0,0,1,0,0,1,1,0,0,0,0,1,0,0,0
193,3.0,0,1,0,1,0,1,0,0,1,0,0,1,0,0,1,0,0,1,0,0,0
340,2.0,0,1,0,1,0,1,0,0,1,0,0,1,0,0,1,0,0,1,0,0,0
407,3.0,0,1,0,1,0,1,0,0,1,0,0,1,0,0,1,0,0,1,0,0,0
549,8.0,0,1,0,1,0,1,0,0,1,0,0,1,1,0,0,0,0,1,0,0,0
755,0.67,0,1,0,1,0,1,0,0,1,0,0,1,0,1,0,0,0,1,0,0,0
827,1.0,0,1,0,1,0,1,0,0,1,0,0,1,1,0,0,1,0,0,0,0,0
831,0.83,0,1,0,1,0,1,0,0,1,0,0,1,0,0,1,0,0,1,0,0,0
43,3.0,0,1,0,1,0,0,0,1,0,0,0,1,1,0,0,1,0,0,1,0,0
56,21.0,0,1,0,1,0,0,0,1,0,1,0,0,0,1,0,0,0,1,1,0,0
58,5.0,0,1,0,1,0,0,0,1,0,0,0,1,1,0,0,0,0,1,1,0,0
84,17.0,0,1,0,1,0,0,0,1,0,1,0,0,0,1,0,0,0,1,1,0,0
123,32.5,0,1,0,1,0,0,0,1,0,1,0,0,0,1,0,0,0,1,1,0,0
199,24.0,1,0,0,1,0,0,0,1,0,1,0,0,0,1,0,0,0,1,1,0,0
211,35.0,0,1,0,1,0,0,0,1,0,1,0,0,0,0,1,0,0,1,1,0,0
237,8.0,0,1,0,1,0,0,0,1,0,0,0,1,1,0,0,0,0,1,1,0,0
303,21.0,0,1,0,1,0,0,0,1,0,1,0,0,0,1,0,0,1,0,1,0,0
322,30.0,0,1,0,1,0,0,0,1,0,1,0,0,0,1,0,0,1,0,1,0,0
345,24.0,0,1,0,1,0,0,0,1,0,1,0,0,0,1,0,0,0,1,1,0,0
346,40.0,0,1,0,1,0,0,0,1,0,1,0,0,0,1,0,0,0,1,1,0,0
357,38.0,1,0,0,1,0,0,0,1,0,1,0,0,0,1,0,0,0,1,1,0,0
387,36.0,0,1,0,1,0,0,0,1,0,1,0,0,0,1,0,0,0,1,1,0,0
389,17.0,0,1,0,1,0,0,0,1,0,1,0,0,0,1,0,1,0,0,1,0,0
417,18.0,0,1,0,1,0,0,0,1,0,0,0,1,0,1,0,0,0,1,1,0,0
427,19.0,0,1,0,1,0,0,0,1,0,1,0,0,0,0,1,0,0,1,1,0,0
446,13.0,0,1,0,1,0,0,0,1,0,0,0,1,0,0,1,0,0,1,1,0,0
458,50.0,0,1,0,1,0,0,0,1,0,1,0,0,0,1,0,0,0,1,1,0,0
526,50.0,0,1,0,1,0,0,0,1,0,1,0,0,0,1,0,0,0,1,1,0,0
530,2.0,0,1,0,1,0,0,0,1,0,0,0,1,0,0,1,0,0,1,1,0,0
535,7.0,0,1,0,1,0,0,0,1,0,0,0,1,1,0,0,0,0,1,1,0,0
576,34.0,0,1,0,1,0,0,0,1,0,1,0,0,0,1,0,0,0,1,1,0,0
580,25.0,0,1,0,1,0,0,0,1,0,0,0,1,1,0,0,0,0,1,1,0,0
596,21.0,0,1,0,1,0,0,0,1,0,1,0,0,1,0,0,0,0,1,1,0,0
615,24.0,0,1,0,1,0,0,0,1,0,0,0,1,1,0,0,0,0,1,1,0,0
618,4.0,0,1,0,1,0,0,0,1,0,0,0,1,1,0,0,0,0,1,1,0,0
635,28.0,0,1,0,1,0,0,0,1,0,1,0,0,0,1,0,0,0,1,1,0,0
651,18.0,0,1,0,1,0,0,0,1,0,0,0,1,0,0,1,0,0,1,1,0,0
717,27.0,0,1,0,1,0,0,0,1,0,1,0,0,0,1,0,0,0,1,1,0,0
720,6.0,0,1,0,1,0,0,0,1,0,0,0,1,1,0,0,0,0,1,1,0,0
747,30.0,0,1,0,1,0,0,0,1,0,1,0,0,0,1,0,0,0,1,1,0,0
750,4.0,0,1,0,1,0,0,0,1,0,0,0,1,0,0,1,0,0,1,1,0,0
866,27.0,0,1,0,1,0,0,0,1,0,0,0,1,0,1,0,1,0,0,1,0,0
17,30.0,0,1,0,1,0,0,1,0,1,1,0,0,0,1,0,0,0,1,0,0,0
20,35.0,1,0,0,1,0,0,1,0,1,1,0,0,0,0,1,0,0,1,0,0,0
21,34.0,0,1,0,1,0,0,1,0,1,1,0,0,0,1,0,0,0,1,0,0,0
33,66.0,1,0,0,1,0,0,1,0,1,1,0,0,0,1,0,0,0,1,0,0,0
70,32.0,1,0,0,1,0,0,1,0,1,1,0,0,0,1,0,0,0,1,0,0,0
72,21.0,1,0,0,1,0,0,1,0,1,1,0,0,1,0,0,0,0,1,0,0,0
99,34.0,1,0,0,1,0,0,1,0,1,0,0,1,0,0,1,0,0,1,0,0,0
117,29.0,1,0,0,1,0,0,1,0,1,0,0,1,0,0,1,0,0,1,0,0,0
120,21.0,1,0,0,1,0,0,1,0,1,0,0,1,1,0,0,0,0,1,0,0,0
122,32.5,1,0,0,1,0,0,1,0,1,0,0,1,1,0,0,1,0,0,0,0,0
134,25.0,1,0,0,1,0,0,1,0,1,1,0,0,0,1,0,0,0,1,0,0,0
135,23.0,1,0,0,1,0,0,1,0,1,1,0,0,0,1,0,1,0,0,0,0,0
144,18.0,1,0,0,1,0,0,1,0,1,1,0,0,0,1,0,0,0,1,0,0,0
145,19.0,1,0,0,1,0,0,1,0,1,0,0,1,1,0,0,0,0,1,0,0,0
148,36.5,1,0,0,1,0,0,1,0,1,0,0,1,0,0,1,0,0,1,0,0,0
178,30.0,1,0,0,1,0,0,1,0,1,1,0,0,0,1,0,0,0,1,0,0,0
181,30.0,1,0,0,1,0,0,1,0,1,1,0,0,0,1,0,1,0,0,0,0,0
191,19.0,1,0,0,1,0,0,1,0,1,1,0,0,0,1,0,0,0,1,0,0,0
213,30.0,1,0,0,1,0,0,1,0,1,1,0,0,0,1,0,0,0,1,0,0,0
217,42.0,1,0,0,1,0,0,1,0,1,0,0,1,1,0,0,0,0,1,0,0,0
219,30.0,1,0,0,1,0,0,1,0,1,1,0,0,0,1,0,0,0,1,0,0,0
221,27.0,1,0,0,1,0,0,1,0,1,1,0,0,0,1,0,0,0,1,0,0,0
226,19.0,0,1,0,1,0,0,1,0,1,1,0,0,0,1,0,0,0,1,0,0,0
228,18.0,1,0,0,1,0,0,1,0,1,1,0,0,0,1,0,0,0,1,0,0,0
232,59.0,1,0,0,1,0,0,1,0,1,1,0,0,0,1,0,0,0,1,0,0,0
234,24.0,1,0,0,1,0,0,1,0,1,1,0,0,0,1,0,0,0,1,0,0,0
236,44.0,1,0,0,1,0,0,1,0,1,0,0,1,0,0,1,0,0,1,0,0,0
238,19.0,1,0,0,1,0,0,1,0,1,1,0,0,0,1,0,0,0,1,0,0,0
239,33.0,1,0,0,1,0,0,1,0,1,1,0,0,0,1,0,0,0,1,0,0,0
242,29.0,1,0,0,1,0,0,1,0,1,1,0,0,0,1,0,0,0,1,0,0,0
265,36.0,1,0,0,1,0,0,1,0,1,1,0,0,0,1,0,0,0,1,0,0,0
277,30.0,1,0,0,1,0,0,1,0,1,1,0,0,0,1,0,0,0,1,0,0,0
288,42.0,0,1,0,1,0,0,1,0,1,1,0,0,0,1,0,0,0,1,0,0,0
292,36.0,1,0,0,1,0,0,1,0,1,1,0,0,0,1,0,1,0,0,0,0,0
308,30.0,1,0,0,1,0,0,1,0,1,0,0,1,0,0,1,1,0,0,0,0,0
314,43.0,1,0,0,1,0,0,1,0,1,0,0,1,1,0,0,0,0,1,0,0,0
342,28.0,1,0,0,1,0,0,1,0,1,1,0,0,0,1,0,0,0,1,0,0,0
343,25.0,1,0,0,1,0,0,1,0,1,1,0,0,0,1,0,0,0,1,0,0,0
344,36.0,1,0,0,1,0,0,1,0,1,1,0,0,0,1,0,0,0,1,0,0,0
361,29.0,1,0,0,1,0,0,1,0,1,0,0,1,1,0,0,1,0,0,0,0,0
385,18.0,1,0,0,1,0,0,1,0,1,1,0,0,1,0,0,0,0,1,0,0,0
397,46.0,1,0,0,1,0,0,1,0,1,1,0,0,0,0,1,0,0,1,0,0,0
405,34.0,1,0,0,1,0,0,1,0,1,0,0,1,0,0,1,0,0,1,0,0,0
413,30.0,1,0,0,1,0,0,1,0,1,1,0,0,0,1,0,0,0,1,0,0,0
418,30.0,1,0,0,1,0,0,1,0,1,1,0,0,0,1,0,0,0,1,0,0,0
439,31.0,1,0,0,1,0,0,1,0,1,1,0,0,0,1,0,0,0,1,0,0,0
450,36.0,1,0,0,1,0,0,1,0,1,0,0,1,1,0,0,0,0,1,0,0,0
463,48.0,1,0,0,1,0,0,1,0,1,1,0,0,0,1,0,0,0,1,0,0,0
466,30.0,1,0,0,1,0,0,1,0,1,1,0,0,0,1,0,0,0,1,0,0,0
476,34.0,1,0,0,1,0,0,1,0,1,0,0,1,0,0,1,0,0,1,0,0,0
481,30.0,1,0,0,1,0,0,1,0,1,1,0,0,0,1,0,0,0,1,0,0,0
529,23.0,1,0,0,1,0,0,1,0,1,0,0,1,0,1,0,0,0,1,0,0,0
543,32.0,0,1,0,1,0,0,1,0,1,0,0,1,0,0,1,0,0,1,0,0,0
547,30.0,0,1,0,1,0,0,1,0,1,1,0,0,0,1,0,1,0,0,0,0,0
551,27.0,1,0,0,1,0,0,1,0,1,1,0,0,0,0,1,0,0,1,0,0,0
562,28.0,1,0,0,1,0,0,1,0,1,1,0,0,0,1,0,0,0,1,0,0,0
570,62.0,0,1,0,1,0,0,1,0,1,1,0,0,0,1,0,0,0,1,0,0,0
582,54.0,1,0,0,1,0,0,1,0,1,1,0,0,0,0,1,0,0,1,0,0,0
586,47.0,1,0,0,1,0,0,1,0,1,1,0,0,0,1,0,0,0,1,0,0,0
594,37.0,1,0,0,1,0,0,1,0,1,0,0,1,0,0,1,0,0,1,0,0,0
619,26.0,1,0,0,1,0,0,1,0,1,1,0,0,0,1,0,0,0,1,0,0,0
637,31.0,1,0,0,1,0,0,1,0,1,0,0,1,1,0,0,0,0,1,0,0,0
655,24.0,1,0,0,1,0,0,1,0,1,0,0,1,1,0,0,0,0,1,0,0,0
658,23.0,1,0,0,1,0,0,1,0,1,1,0,0,0,1,0,0,0,1,0,0,0
665,32.0,1,0,0,1,0,0,1,0,1,0,0,1,1,0,0,0,0,1,0,0,0
666,25.0,1,0,0,1,0,0,1,0,1,1,0,0,0,1,0,0,0,1,0,0,0
672,70.0,1,0,0,1,0,0,1,0,1,1,0,0,0,1,0,0,0,1,0,0,0
673,31.0,0,1,0,1,0,0,1,0,1,1,0,0,0,1,0,0,0,1,0,0,0
674,30.0,1,0,0,1,0,0,1,0,1,1,0,0,0,1,0,0,0,1,0,0,0
684,60.0,1,0,0,1,0,0,1,0,1,0,0,1,1,0,0,0,0,1,0,0,0
685,25.0,1,0,0,1,0,0,1,0,1,0,0,1,1,0,0,1,0,0,0,0,0
695,52.0,1,0,0,1,0,0,1,0,1,1,0,0,0,1,0,0,0,1,0,0,0
705,39.0,1,0,0,1,0,0,1,0,1,1,0,0,0,0,1,0,0,1,0,0,0
714,52.0,1,0,0,1,0,0,1,0,1,1,0,0,0,1,0,0,0,1,0,0,0
722,34.0,1,0,0,1,0,0,1,0,1,1,0,0,0,1,0,0,0,1,0,0,0
723,50.0,1,0,0,1,0,0,1,0,1,1,0,0,0,1,0,0,0,1,0,0,0
728,25.0,1,0,0,1,0,0,1,0,1,0,0,1,0,0,1,0,0,1,0,0,0
732,30.0,1,0,0,1,0,0,1,0,1,1,0,0,0,1,0,0,0,1,0,0,0
733,23.0,1,0,0,1,0,0,1,0,1,1,0,0,0,1,0,0,0,1,0,0,0
734,23.0,1,0,0,1,0,0,1,0,1,1,0,0,0,1,0,0,0,1,0,0,0
757,18.0,1,0,0,1,0,0,1,0,1,1,0,0,0,1,0,0,0,1,0,0,0
791,16.0,1,0,0,1,0,0,1,0,1,1,0,0,0,0,1,0,0,1,0,0,0
795,39.0,1,0,0,1,0,0,1,0,1,1,0,0,0,1,0,0,0,1,0,0,0
800,34.0,1,0,0,1,0,0,1,0,1,1,0,0,0,1,0,0,0,1,0,0,0
808,39.0,1,0,0,1,0,0,1,0,1,1,0,0,0,1,0,0,0,1,0,0,0
812,35.0,1,0,0,1,0,0,1,0,1,1,0,0,0,1,0,0,0,1,0,0,0
817,31.0,1,0,0,1,0,0,1,0,1,0,0,1,1,0,0,1,0,0,0,0,0
841,16.0,1,0,0,1,0,0,1,0,1,1,0,0,0,1,0,0,0,1,0,0,0
861,21.0,1,0,0,1,0,0,1,0,1,0,0,1,0,1,0,0,0,1,0,0,0
864,24.0,1,0,0,1,0,0,1,0,1,1,0,0,0,1,0,0,0,1,0,0,0
883,28.0,1,0,0,1,0,0,1,0,1,1,0,0,0,1,0,0,0,1,0,0,0
9,14.0,0,1,0,1,0,0,0,1,0,0,0,1,1,0,0,1,0,0,0,1,0
15,55.0,0,1,0,1,0,0,0,1,0,1,0,0,0,0,1,0,0,1,0,1,0
41,27.0,1,0,0,1,0,0,0,1,0,0,0,1,0,0,1,0,0,1,0,1,0
53,29.0,0,1,0,1,0,0,0,1,0,0,0,1,0,0,1,0,0,1,0,1,0
66,29.0,0,1,0,1,0,0,0,1,0,1,0,0,0,1,0,0,0,1,0,1,0
98,34.0,0,1,0,1,0,0,0,1,0,0,0,1,0,0,1,0,0,1,0,1,0
133,29.0,0,1,0,1,0,0,0,1,0,0,0,1,0,0,1,0,0,1,0,1,0
161,40.0,0,1,0,1,0,0,0,1,0,1,0,0,0,0,1,0,0,1,0,1,0
190,32.0,0,1,0,1,0,0,0,1,0,1,0,0,0,1,0,0,0,1,0,1,0
247,24.0,0,1,0,1,0,0,0,1,0,0,0,1,0,1,0,0,0,1,0,1,0
259,50.0,0,1,0,1,0,0,0,1,0,0,0,1,0,0,1,0,0,1,0,1,0
272,41.0,0,1,0,1,0,0,0,1,0,0,0,1,0,0,1,0,0,1,0,1,0
312,26.0,1,0,0,1,0,0,0,1,0,0,0,1,0,0,1,0,0,1,0,1,0
316,24.0,0,1,0,1,0,0,0,1,0,0,0,1,0,0,1,0,0,1,0,1,0
323,22.0,0,1,0,1,0,0,0,1,0,0,0,1,1,0,0,0,0,1,0,1,0
327,36.0,0,1,0,1,0,0,0,1,0,1,0,0,0,1,0,0,0,1,0,1,0
399,28.0,0,1,0,1,0,0,0,1,0,1,0,0,0,1,0,0,0,1,0,1,0
416,34.0,0,1,0,1,0,0,0,1,0,0,0,1,1,0,0,0,0,1,0,1,0
426,28.0,0,1,0,1,0,0,0,1,0,0,0,1,0,0,1,0,0,1,0,1,0
432,42.0,0,1,0,1,0,0,0,1,0,0,0,1,0,0,1,0,0,1,0,1,0
437,24.0,0,1,0,1,0,0,0,1,0,0,1,0,0,0,1,0,0,1,0,1,0
440,45.0,0,1,0,1,0,0,0,1,0,0,0,1,1,0,0,0,0,1,0,1,0
472,33.0,0,1,0,1,0,0,0,1,0,0,0,1,1,0,0,0,0,1,0,1,0
473,23.0,0,1,0,1,0,0,0,1,0,1,0,0,0,1,0,1,0,0,0,1,0
506,33.0,0,1,0,1,0,0,0,1,0,0,0,1,0,0,1,0,0,1,0,1,0
516,34.0,0,1,0,1,0,0,0,1,0,1,0,0,0,1,0,0,0,1,0,1,0
518,36.0,0,1,0,1,0,0,0,1,0,0,0,1,0,0,1,0,0,1,0,1,0
546,19.0,0,1,0,1,0,0,0,1,0,0,0,1,0,0,1,0,0,1,0,1,0
600,24.0,0,1,0,1,0,0,0,1,0,0,0,1,1,0,0,0,0,1,0,1,0
608,22.0,0,1,0,1,0,0,0,1,0,0,0,1,1,0,0,1,0,0,0,1,0
670,40.0,0,1,0,1,0,0,0,1,0,0,0,1,1,0,0,0,0,1,0,1,0
706,45.0,0,1,0,1,0,0,0,1,0,1,0,0,0,1,0,0,0,1,0,1,0
726,30.0,0,1,0,1,0,0,0,1,0,0,0,1,0,0,1,0,0,1,0,1,0
754,48.0,0,1,0,1,0,0,0,1,0,0,0,1,1,0,0,0,0,1,0,1,0
772,57.0,1,0,0,1,0,0,0,1,0,1,0,0,0,1,0,0,0,1,0,1,0
774,54.0,0,1,0,1,0,0,0,1,0,0,1,0,0,0,1,0,0,1,0,1,0
801,31.0,0,1,0,1,0,0,0,1,0,0,0,1,1,0,0,0,0,1,0,1,0
854,44.0,1,0,0,1,0,0,0,1,0,0,0,1,0,0,1,0,0,1,0,1,0
865,42.0,0,1,0,1,0,0,0,1,0,1,0,0,0,1,0,0,0,1,0,1,0
874,28.0,0,1,0,1,0,0,0,1,0,0,0,1,0,0,1,1,0,0,0,1,0
880,25.0,0,1,0,1,0,0,0,1,0,0,0,1,0,0,1,0,0,1,0,1,0
443,28.0,0,1,0,1,0,0,0,1,0,1,0,0,0,1,0,0,0,1,0,1,0
149,42.0,1,0,0,1,0,0,0,0,1,1,0,0,0,1,0,0,0,1,0,0,1
150,51.0,1,0,0,1,0,0,0,0,1,1,0,0,0,1,0,0,0,1,0,0,1
249,54.0,1,0,0,1,0,0,0,0,1,0,0,1,0,0,1,0,0,1,0,0,1
626,57.0,1,0,0,1,0,0,0,0,1,1,0,0,0,1,0,0,1,0,0,0,1
848,28.0,1,0,0,1,0,0,0,0,1,0,0,1,1,0,0,0,0,1,0,0,1
886,27.0,1,0,0,1,0,0,0,0,1,1,0,0,0,1,0,0,0,1,0,0,1
7,2.0,1,0,0,0,1,1,0,0,1,0,1,0,0,0,1,0,0,1,0,0,0
16,2.0,1,0,0,0,1,1,0,0,1,0,1,0,1,0,0,0,1,0,0,0,0
50,7.0,1,0,0,0,1,1,0,0,1,0,1,0,1,0,0,0,0,1,0,0,0
59,11.0,1,0,0,0,1,1,0,0,1,0,1,0,1,0,0,0,0,1,0,0,0
63,4.0,1,0,0,0,1,1,0,0,1,0,1,0,1,0,0,0,0,1,0,0,0
65,3.5,0,1,0,0,1,1,0,0,1,0,0,1,0,1,0,1,0,0,0,0,0
125,12.0,0,1,0,0,1,1,0,0,1,0,0,1,0,1,0,1,0,0,0,0,0
159,3.5,1,0,0,0,1,1,0,0,1,0,1,0,1,0,0,0,0,1,0,0,0
164,1.0,1,0,0,0,1,1,0,0,1,0,1,0,1,0,0,0,0,1,0,0,0
165,9.0,0,1,0,0,1,1,0,0,1,0,0,1,0,0,1,0,0,1,0,0,0
171,4.0,1,0,0,0,1,1,0,0,1,0,1,0,1,0,0,0,1,0,0,0,0
176,3.5,1,0,0,0,1,1,0,0,1,0,1,0,0,0,1,0,0,1,0,0,0
182,9.0,1,0,0,0,1,1,0,0,1,0,1,0,1,0,0,0,0,1,0,0,0
261,3.0,0,1,0,0,1,1,0,0,1,0,1,0,1,0,0,0,0,1,0,0,0
278,7.0,1,0,0,0,1,1,0,0,1,0,1,0,1,0,0,0,1,0,0,0,0
348,3.0,0,1,0,0,1,1,0,0,1,0,0,1,0,0,1,0,0,1,0,0,0
386,1.0,1,0,0,0,1,1,0,0,1,0,1,0,1,0,0,0,0,1,0,0,0
480,9.0,1,0,0,0,1,1,0,0,1,0,1,0,1,0,0,0,0,1,0,0,0
489,9.0,0,1,0,0,1,1,0,0,1,0,0,1,0,0,1,0,0,1,0,0,0
709,3.5,0,1,0,0,1,1,0,0,1,0,0,1,0,1,0,1,0,0,0,0,0
751,6.0,0,1,0,0,1,1,0,0,1,0,0,1,0,1,0,0,0,1,0,0,0
787,8.0,1,0,0,0,1,1,0,0,1,0,1,0,1,0,0,0,1,0,0,0,0
788,1.0,0,1,0,0,1,1,0,0,1,0,0,1,0,0,1,0,0,1,0,0,0
803,0.42,0,1,0,0,1,1,0,0,1,0,0,1,0,1,0,1,0,0,0,0,0
819,10.0,1,0,0,0,1,1,0,0,1,0,1,0,1,0,0,0,0,1,0,0,0
824,2.0,1,0,0,0,1,1,0,0,1,0,1,0,1,0,0,0,0,1,0,0,0
850,4.0,1,0,0,0,1,1,0,0,1,0,1,0,1,0,0,0,0,1,0,0,0
869,4.0,0,1,0,0,1,1,0,0,1,0,0,1,0,1,0,0,0,1,0,0,0
2,26.0,0,1,0,0,1,0,0,1,0,1,0,0,0,1,0,0,0,1,1,0,0
10,4.0,0,1,0,0,1,0,0,1,0,0,0,1,0,0,1,0,0,1,1,0,0
14,14.0,1,0,0,0,1,0,0,1,0,1,0,0,0,1,0,0,0,1,1,0,0
22,15.0,0,1,0,0,1,0,0,1,0,1,0,0,0,1,0,0,1,0,1,0,0
24,8.0,1,0,0,0,1,0,0,1,0,0,1,0,0,0,1,0,0,1,1,0,0
28,21.0,0,1,0,0,1,0,0,1,0,1,0,0,0,1,0,0,1,0,1,0,0
32,21.0,0,1,0,0,1,0,0,1,0,1,0,0,0,1,0,0,1,0,1,0,0
38,18.0,1,0,0,0,1,0,0,1,0,0,0,1,0,0,1,0,0,1,1,0,0
39,14.0,0,1,0,0,1,0,0,1,0,0,0,1,0,1,0,1,0,0,1,0,0
44,19.0,0,1,0,0,1,0,0,1,0,1,0,0,0,1,0,0,1,0,1,0,0
47,21.0,0,1,0,0,1,0,0,1,0,1,0,0,0,1,0,0,1,0,1,0,0
68,17.0,0,1,0,0,1,0,0,1,0,0,1,0,0,1,0,0,0,1,1,0,0
71,16.0,1,0,0,0,1,0,0,1,0,0,1,0,1,0,0,0,0,1,1,0,0
79,30.0,0,1,0,0,1,0,0,1,0,1,0,0,0,1,0,0,0,1,1,0,0
82,21.0,0,1,0,0,1,0,0,1,0,1,0,0,0,1,0,0,1,0,1,0,0
100,28.0,1,0,0,0,1,0,0,1,0,1,0,0,0,1,0,0,0,1,1,0,0
106,21.0,0,1,0,0,1,0,0,1,0,1,0,0,0,1,0,0,0,1,1,0,0
109,21.0,0,1,0,0,1,0,0,1,0,0,0,1,0,0,1,0,1,0,1,0,0
111,14.5,1,0,0,0,1,0,0,1,0,0,0,1,0,1,0,1,0,0,1,0,0
113,20.0,1,0,0,0,1,0,0,1,0,0,0,1,0,1,0,0,0,1,1,0,0
114,17.0,1,0,0,0,1,0,0,1,0,1,0,0,0,1,0,1,0,0,1,0,0
119,2.0,1,0,0,0,1,0,0,1,0,0,1,0,1,0,0,0,0,1,1,0,0
128,21.0,0,1,0,0,1,0,0,1,0,0,0,1,0,0,1,1,0,0,1,0,0
141,22.0,0,1,0,0,1,0,0,1,0,1,0,0,0,1,0,0,0,1,1,0,0
147,9.0,1,0,0,0,1,0,0,1,0,0,1,0,1,0,0,0,0,1,1,0,0
156,16.0,0,1,0,0,1,0,0,1,0,1,0,0,0,1,0,0,1,0,1,0,0
172,1.0,0,1,0,0,1,0,0,1,0,0,0,1,0,1,0,0,0,1,1,0,0
180,21.0,1,0,0,0,1,0,0,1,0,0,1,0,1,0,0,0,0,1,1,0,0
184,4.0,0,1,0,0,1,0,0,1,0,0,0,1,0,0,1,0,0,1,1,0,0
192,19.0,0,1,0,0,1,0,0,1,0,0,0,1,0,1,0,0,0,1,1,0,0
198,21.0,0,1,0,0,1,0,0,1,0,1,0,0,0,1,0,0,1,0,1,0,0
205,2.0,1,0,0,0,1,0,0,1,0,0,0,1,0,1,0,0,0,1,1,0,0
208,16.0,0,1,0,0,1,0,0,1,0,1,0,0,0,1,0,0,1,0,1,0,0
216,27.0,0,1,0,0,1,0,0,1,0,1,0,0,0,1,0,0,0,1,1,0,0
229,21.0,1,0,0,0,1,0,0,1,0,0,1,0,0,0,1,0,0,1,1,0,0
233,5.0,0,1,0,0,1,0,0,1,0,0,1,0,1,0,0,0,0,1,1,0,0
235,21.0,1,0,0,0,1,0,0,1,0,1,0,0,0,1,0,0,0,1,1,0,0
240,21.0,1,0,0,0,1,0,0,1,0,0,0,1,0,1,0,1,0,0,1,0,0
241,21.0,0,1,0,0,1,0,0,1,0,0,0,1,0,1,0,0,1,0,1,0,0
246,25.0,1,0,0,0,1,0,0,1,0,1,0,0,0,1,0,0,0,1,1,0,0
264,21.0,1,0,0,0,1,0,0,1,0,1,0,0,0,1,0,0,1,0,1,0,0
274,21.0,0,1,0,0,1,0,0,1,0,1,0,0,0,1,0,0,1,0,1,0,0
276,45.0,1,0,0,0,1,0,0,1,0,1,0,0,0,1,0,0,0,1,1,0,0
289,22.0,0,1,0,0,1,0,0,1,0,1,0,0,0,1,0,0,1,0,1,0,0
293,24.0,1,0,0,0,1,0,0,1,0,1,0,0,0,1,0,0,0,1,1,0,0
300,21.0,0,1,0,0,1,0,0,1,0,1,0,0,0,1,0,0,1,0,1,0,0
315,26.0,0,1,0,0,1,0,0,1,0,1,0,0,0,1,0,0,0,1,1,0,0
330,21.0,0,1,0,0,1,0,0,1,0,0,0,1,0,0,1,0,1,0,1,0,0
358,21.0,0,1,0,0,1,0,0,1,0,1,0,0,0,1,0,0,1,0,1,0,0
359,21.0,0,1,0,0,1,0,0,1,0,1,0,0,0,1,0,0,1,0,1,0,0
368,21.0,0,1,0,0,1,0,0,1,0,1,0,0,0,1,0,0,1,0,1,0,0
374,3.0,1,0,0,0,1,0,0,1,0,0,1,0,0,0,1,0,0,1,1,0,0
376,22.0,0,1,0,0,1,0,0,1,0,1,0,0,0,1,0,0,0,1,1,0,0
381,1.0,0,1,0,0,1,0,0,1,0,0,0,1,0,0,1,1,0,0,1,0,0
396,31.0,1,0,0,0,1,0,0,1,0,1,0,0,0,1,0,0,0,1,1,0,0
402,21.0,1,0,0,0,1,0,0,1,0,0,0,1,0,1,0,0,0,1,1,0,0
404,20.0,1,0,0,0,1,0,0,1,0,1,0,0,0,1,0,0,0,1,1,0,0
409,21.0,1,0,0,0,1,0,0,1,0,0,1,0,0,0,1,0,0,1,1,0,0
419,10.0,1,0,0,0,1,0,0,1,0,0,0,1,0,0,1,0,0,1,1,0,0
436,21.0,1,0,0,0,1,0,0,1,0,0,1,0,1,0,0,0,0,1,1,0,0
448,5.0,0,1,0,0,1,0,0,1,0,0,0,1,0,0,1,1,0,0,1,0,0
469,0.75,0,1,0,0,1,0,0,1,0,0,0,1,0,0,1,1,0,0,1,0,0
474,22.0,1,0,0,0,1,0,0,1,0,1,0,0,0,1,0,0,0,1,1,0,0
479,2.0,0,1,0,0,1,0,0,1,0,0,0,1,0,1,0,0,0,1,1,0,0
485,21.0,1,0,0,0,1,0,0,1,0,0,1,0,0,0,1,0,0,1,1,0,0
501,21.0,1,0,0,0,1,0,0,1,0,1,0,0,0,1,0,0,1,0,1,0,0
502,21.0,1,0,0,0,1,0,0,1,0,1,0,0,0,1,0,0,1,0,1,0,0
503,37.0,1,0,0,0,1,0,0,1,0,1,0,0,0,1,0,0,0,1,1,0,0
534,30.0,1,0,0,0,1,0,0,1,0,1,0,0,0,1,0,0,0,1,1,0,0
541,9.0,1,0,0,0,1,0,0,1,0,0,1,0,1,0,0,0,0,1,1,0,0
542,11.0,1,0,0,0,1,0,0,1,0,0,1,0,1,0,0,0,0,1,1,0,0
554,22.0,0,1,0,0,1,0,0,1,0,1,0,0,0,1,0,0,0,1,1,0,0
564,21.0,1,0,0,0,1,0,0,1,0,1,0,0,0,1,0,0,0,1,1,0,0
573,21.0,0,1,0,0,1,0,0,1,0,1,0,0,0,1,0,0,1,0,1,0,0
593,21.0,1,0,0,0,1,0,0,1,0,0,0,1,0,1,0,0,1,0,1,0,0
612,21.0,0,1,0,0,1,0,0,1,0,0,0,1,0,1,0,0,1,0,1,0,0
634,9.0,1,0,0,0,1,0,0,1,0,0,1,0,1,0,0,0,0,1,1,0,0
642,2.0,1,0,0,0,1,0,0,1,0,0,1,0,1,0,0,0,0,1,1,0,0
644,0.75,0,1,0,0,1,0,0,1,0,0,0,1,0,0,1,1,0,0,1,0,0
649,23.0,0,1,0,0,1,0,0,1,0,1,0,0,0,1,0,0,0,1,1,0,0
653,21.0,0,1,0,0,1,0,0,1,0,1,0,0,0,1,0,0,1,0,1,0,0
654,18.0,1,0,0,0,1,0,0,1,0,1,0,0,0,1,0,0,1,0,1,0,0
677,18.0,0,1,0,0,1,0,0,1,0,1,0,0,0,1,0,0,0,1,1,0,0
680,21.0,1,0,0,0,1,0,0,1,0,1,0,0,0,1,0,0,1,0,1,0,0
691,4.0,0,1,0,0,1,0,0,1,0,0,0,1,0,1,0,1,0,0,1,0,0
697,21.0,0,1,0,0,1,0,0,1,0,1,0,0,0,1,0,0,1,0,1,0,0
702,18.0,1,0,0,0,1,0,0,1,0,0,0,1,0,1,0,1,0,0,1,0,0
727,21.0,0,1,0,0,1,0,0,1,0,1,0,0,0,1,0,0,1,0,1,0,0
729,25.0,1,0,0,0,1,0,0,1,0,0,0,1,0,1,0,0,0,1,1,0,0
767,30.5,1,0,0,0,1,0,0,1,0,1,0,0,0,1,0,0,1,0,1,0,0
777,5.0,0,1,0,0,1,0,0,1,0,1,0,0,0,1,0,0,0,1,1,0,0
780,13.0,0,1,0,0,1,0,0,1,0,1,0,0,0,1,0,1,0,0,1,0,0
786,18.0,0,1,0,0,1,0,0,1,0,1,0,0,0,1,0,0,0,1,1,0,0
792,21.0,1,0,0,0,1,0,0,1,0,0,1,0,1,0,0,0,0,1,1,0,0
807,18.0,1,0,0,0,1,0,0,1,0,1,0,0,0,1,0,0,0,1,1,0,0
813,6.0,1,0,0,0,1,0,0,1,0,0,1,0,1,0,0,0,0,1,1,0,0
816,23.0,1,0,0,0,1,0,0,1,0,1,0,0,0,1,0,0,0,1,1,0,0
852,9.0,1,0,0,0,1,0,0,1,0,0,0,1,0,1,0,1,0,0,1,0,0
863,21.0,1,0,0,0,1,0,0,1,0,0,1,0,1,0,0,0,0,1,1,0,0
875,15.0,0,1,0,0,1,0,0,1,0,1,0,0,0,1,0,1,0,0,1,0,0
882,22.0,1,0,0,0,1,0,0,1,0,1,0,0,0,1,0,0,0,1,1,0,0
888,21.0,1,0,0,0,1,0,0,1,0,0,0,1,0,0,1,0,0,1,1,0,0
0,22.0,1,0,0,0,1,0,1,0,1,0,0,1,0,1,0,0,0,1,0,0,0
4,35.0,1,0,0,0,1,0,1,0,1,1,0,0,0,1,0,0,0,1,0,0,0
5,30.0,1,0,0,0,1,0,1,0,1,1,0,0,0,1,0,0,1,0,0,0,0
12,20.0,1,0,0,0,1,0,1,0,1,1,0,0,0,1,0,0,0,1,0,0,0
13,39.0,1,0,0,0,1,0,1,0,1,0,1,0,1,0,0,0,0,1,0,0,0
26,30.0,1,0,0,0,1,0,1,0,1,1,0,0,0,1,0,1,0,0,0,0,0
29,30.0,1,0,0,0,1,0,1,0,1,1,0,0,0,1,0,0,0,1,0,0,0
36,30.0,0,1,0,0,1,0,1,0,1,1,0,0,0,1,0,1,0,0,0,0,0
37,21.0,1,0,0,0,1,0,1,0,1,1,0,0,0,1,0,0,0,1,0,0,0
42,30.0,1,0,0,0,1,0,1,0,1,1,0,0,0,1,0,1,0,0,0,0,0
45,30.0,1,0,0,0,1,0,1,0,1,1,0,0,0,1,0,0,0,1,0,0,0
46,30.0,1,0,0,0,1,0,1,0,1,0,0,1,0,1,0,0,1,0,0,0,0
48,30.0,1,0,0,0,1,0,1,0,1,0,0,1,0,0,1,1,0,0,0,0,0
51,21.0,1,0,0,0,1,0,1,0,1,1,0,0,0,1,0,0,0,1,0,0,0
57,28.5,1,0,0,0,1,0,1,0,1,1,0,0,0,1,0,1,0,0,0,0,0
60,22.0,1,0,0,0,1,0,1,0,1,1,0,0,0,1,0,1,0,0,0,0,0
67,19.0,1,0,0,0,1,0,1,0,1,1,0,0,0,1,0,0,0,1,0,0,0
69,26.0,1,0,0,0,1,0,1,0,1,0,0,1,0,1,0,0,0,1,0,0,0
73,26.0,1,0,0,0,1,0,1,0,1,0,0,1,0,1,0,1,0,0,0,0,0
74,32.0,0,1,0,0,1,0,1,0,1,1,0,0,1,0,0,0,0,1,0,0,0
75,25.0,1,0,0,0,1,0,1,0,1,1,0,0,0,1,0,0,0,1,0,0,0
76,30.0,1,0,0,0,1,0,1,0,1,1,0,0,0,1,0,0,0,1,0,0,0
77,30.0,1,0,0,0,1,0,1,0,1,1,0,0,0,1,0,0,0,1,0,0,0
80,22.0,1,0,0,0,1,0,1,0,1,1,0,0,0,1,0,0,0,1,0,0,0
81,29.0,0,1,0,0,1,0,1,0,1,1,0,0,0,1,0,0,0,1,0,0,0
86,16.0,1,0,0,0,1,0,1,0,1,0,1,0,1,0,0,0,0,1,0,0,0
87,30.0,1,0,0,0,1,0,1,0,1,1,0,0,0,1,0,0,0,1,0,0,0
89,24.0,1,0,0,0,1,0,1,0,1,1,0,0,0,1,0,0,0,1,0,0,0
90,29.0,1,0,0,0,1,0,1,0,1,1,0,0,0,1,0,0,0,1,0,0,0
91,20.0,1,0,0,0,1,0,1,0,1,1,0,0,0,1,0,0,0,1,0,0,0
93,26.0,1,0,0,0,1,0,1,0,1,0,0,1,0,0,1,0,0,1,0,0,0
94,59.0,1,0,0,0,1,0,1,0,1,1,0,0,0,1,0,0,0,1,0,0,0
95,30.0,1,0,0,0,1,0,1,0,1,1,0,0,0,1,0,0,0,1,0,0,0
101,30.0,1,0,0,0,1,0,1,0,1,1,0,0,0,1,0,0,0,1,0,0,0
103,33.0,1,0,0,0,1,0,1,0,1,1,0,0,0,1,0,0,0,1,0,0,0
104,37.0,1,0,0,0,1,0,1,0,1,0,0,1,0,1,0,0,0,1,0,0,0
105,28.0,1,0,0,0,1,0,1,0,1,1,0,0,0,1,0,0,0,1,0,0,0
107,30.0,0,1,0,0,1,0,1,0,1,1,0,0,0,1,0,0,0,1,0,0,0
108,38.0,1,0,0,0,1,0,1,0,1,1,0,0,0,1,0,0,0,1,0,0,0
112,22.0,1,0,0,0,1,0,1,0,1,1,0,0,0,1,0,0,0,1,0,0,0
115,21.0,1,0,0,0,1,0,1,0,1,1,0,0,0,1,0,0,0,1,0,0,0
116,70.5,1,0,0,0,1,0,1,0,1,1,0,0,0,1,0,0,1,0,0,0,0
121,30.0,1,0,0,0,1,0,1,0,1,1,0,0,0,1,0,0,0,1,0,0,0
126,30.0,1,0,0,0,1,0,1,0,1,1,0,0,0,1,0,0,1,0,0,0,0
127,24.0,0,1,0,0,1,0,1,0,1,1,0,0,0,1,0,0,0,1,0,0,0
129,45.0,1,0,0,0,1,0,1,0,1,1,0,0,0,1,0,0,0,1,0,0,0
130,33.0,1,0,0,0,1,0,1,0,1,1,0,0,0,1,0,1,0,0,0,0,0
131,20.0,1,0,0,0,1,0,1,0,1,1,0,0,0,1,0,0,0,1,0,0,0
138,16.0,1,0,0,0,1,0,1,0,1,1,0,0,0,1,0,0,0,1,0,0,0
143,19.0,1,0,0,0,1,0,1,0,1,1,0,0,0,1,0,0,1,0,0,0,0
146,27.0,0,1,0,0,1,0,1,0,1,1,0,0,0,1,0,0,0,1,0,0,0
152,55.5,1,0,0,0,1,0,1,0,1,1,0,0,0,1,0,0,0,1,0,0,0
153,40.5,1,0,0,0,1,0,1,0,1,0,0,1,0,1,0,0,0,1,0,0,0
154,30.0,1,0,0,0,1,0,1,0,1,1,0,0,0,1,0,0,0,1,0,0,0
157,30.0,1,0,0,0,1,0,1,0,1,1,0,0,0,1,0,0,0,1,0,0,0
158,30.0,1,0,0,0,1,0,1,0,1,1,0,0,0,1,0,0,0,1,0,0,0
160,44.0,1,0,0,0,1,0,1,0,1,0,0,1,0,0,1,0,0,1,0,0,0
162,26.0,1,0,0,0,1,0,1,0,1,1,0,0,0,1,0,0,0,1,0,0,0
163,17.0,1,0,0,0,1,0,1,0,1,1,0,0,0,1,0,0,0,1,0,0,0
169,28.0,1,0,0,0,1,0,1,0,1,1,0,0,1,0,0,0,0,1,0,0,0
173,21.0,1,0,0,0,1,0,1,0,1,1,0,0,0,1,0,0,0,1,0,0,0
175,18.0,1,0,0,0,1,0,1,0,1,0,0,1,0,1,0,0,0,1,0,0,0
179,36.0,1,0,0,0,1,0,1,0,1,1,0,0,0,1,0,0,0,1,0,0,0
188,40.0,1,0,0,0,1,0,1,0,1,0,0,1,0,1,0,0,1,0,0,0,0
189,36.0,1,0,0,0,1,0,1,0,1,1,0,0,0,1,0,0,0,1,0,0,0
196,30.0,1,0,0,0,1,0,1,0,1,1,0,0,0,1,0,0,1,0,0,0,0
197,42.0,1,0,0,0,1,0,1,0,1,0,0,1,0,1,0,0,0,1,0,0,0
200,28.0,1,0,0,0,1,0,1,0,1,1,0,0,0,1,0,0,0,1,0,0,0
201,30.0,1,0,0,0,1,0,1,0,1,0,1,0,1,0,0,0,0,1,0,0,0
202,34.0,1,0,0,0,1,0,1,0,1,1,0,0,0,1,0,0,0,1,0,0,0
203,45.5,1,0,0,0,1,0,1,0,1,1,0,0,0,1,0,1,0,0,0,0,0
204,18.0,0,1,0,0,1,0,1,0,1,1,0,0,0,1,0,0,0,1,0,0,0
206,32.0,1,0,0,0,1,0,1,0,1,0,0,1,0,0,1,0,0,1,0,0,0
207,26.0,0,1,0,0,1,0,1,0,1,1,0,0,0,0,1,1,0,0,0,0,0
210,24.0,1,0,0,0,1,0,1,0,1,1,0,0,0,1,0,0,0,1,0,0,0
212,22.0,1,0,0,0,1,0,1,0,1,1,0,0,0,1,0,0,0,1,0,0,0
214,30.0,1,0,0,0,1,0,1,0,1,0,0,1,0,1,0,0,1,0,0,0,0
220,16.0,0,1,0,0,1,0,1,0,1,1,0,0,0,1,0,0,0,1,0,0,0
222,51.0,1,0,0,0,1,0,1,0,1,1,0,0,0,1,0,0,0,1,0,0,0
223,30.0,1,0,0,0,1,0,1,0,1,1,0,0,0,1,0,0,0,1,0,0,0
225,22.0,1,0,0,0,1,0,1,0,1,1,0,0,0,1,0,0,0,1,0,0,0
227,20.5,1,0,0,0,1,0,1,0,1,1,0,0,0,1,0,0,0,1,0,0,0
231,29.0,1,0,0,0,1,0,1,0,1,1,0,0,0,1,0,0,0,1,0,0,0
243,22.0,1,0,0,0,1,0,1,0,1,1,0,0,0,1,0,0,0,1,0,0,0
244,30.0,1,0,0,0,1,0,1,0,1,1,0,0,0,1,0,1,0,0,0,0,0
250,30.0,1,0,0,0,1,0,1,0,1,1,0,0,0,1,0,0,0,1,0,0,0
253,30.0,1,0,0,0,1,0,1,0,1,0,0,1,0,0,1,0,0,1,0,0,0
260,30.0,1,0,0,0,1,0,1,0,1,1,0,0,0,1,0,0,1,0,0,0,0
266,16.0,1,0,0,0,1,0,1,0,1,0,1,0,1,0,0,0,0,1,0,0,0
267,25.0,0,1,0,0,1,0,1,0,1,0,0,1,0,1,0,0,0,1,0,0,0
271,25.0,0,1,0,0,1,0,1,0,1,1,0,0,0,1,0,0,0,1,0,0,0
280,65.0,1,0,0,0,1,0,1,0,1,1,0,0,0,1,0,0,1,0,0,0,0
281,28.0,1,0,0,0,1,0,1,0,1,1,0,0,0,1,0,0,0,1,0,0,0
282,16.0,1,0,0,0,1,0,1,0,1,1,0,0,0,1,0,0,0,1,0,0,0
283,19.0,0,1,0,0,1,0,1,0,1,1,0,0,0,1,0,0,0,1,0,0,0
285,33.0,1,0,0,0,1,0,1,0,1,1,0,0,0,1,0,1,0,0,0,0,0
286,30.0,0,1,0,0,1,0,1,0,1,1,0,0,0,1,0,0,0,1,0,0,0
287,22.0,1,0,0,0,1,0,1,0,1,1,0,0,0,1,0,0,0,1,0,0,0
294,24.0,1,0,0,0,1,0,1,0,1,1,0,0,0,1,0,0,0,1,0,0,0
296,23.5,1,0,0,0,1,0,1,0,1,1,0,0,0,1,0,1,0,0,0,0,0
301,30.0,0,1,0,0,1,0,1,0,1,0,0,1,0,0,1,0,1,0,0,0,0
302,19.0,1,0,0,0,1,0,1,0,1,1,0,0,0,1,0,0,0,1,0,0,0
304,30.0,1,0,0,0,1,0,1,0,1,1,0,0,0,1,0,0,0,1,0,0,0
313,28.0,1,0,0,0,1,0,1,0,1,1,0,0,0,1,0,0,0,1,0,0,0
320,22.0,1,0,0,0,1,0,1,0,1,1,0,0,0,1,0,0,0,1,0,0,0
321,27.0,1,0,0,0,1,0,1,0,1,1,0,0,0,1,0,0,0,1,0,0,0
324,30.0,1,0,0,0,1,0,1,0,1,0,1,0,1,0,0,0,0,1,0,0,0
326,61.0,1,0,0,0,1,0,1,0,1,1,0,0,0,1,0,0,0,1,0,0,0
333,16.0,1,0,0,0,1,0,1,0,1,0,0,1,0,0,1,0,0,1,0,0,0
335,30.0,1,0,0,0,1,0,1,0,1,1,0,0,0,1,0,0,0,1,0,0,0
338,45.0,0,1,0,0,1,0,1,0,1,1,0,0,0,1,0,0,0,1,0,0,0
349,42.0,1,0,0,0,1,0,1,0,1,1,0,0,0,1,0,0,0,1,0,0,0
350,23.0,1,0,0,0,1,0,1,0,1,1,0,0,0,1,0,0,0,1,0,0,0
352,15.0,1,0,0,0,1,0,1,0,1,0,0,1,0,1,0,1,0,0,0,0,0
353,25.0,1,0,0,0,1,0,1,0,1,0,0,1,0,0,1,0,0,1,0,0,0
354,30.0,1,0,0,0,1,0,1,0,1,1,0,0,0,1,0,1,0,0,0,0,0
355,28.0,1,0,0,0,1,0,1,0,1,1,0,0,0,1,0,0,0,1,0,0,0
360,40.0,1,0,0,0,1,0,1,0,1,0,1,0,1,0,0,0,0,1,0,0,0
363,35.0,1,0,0,0,1,0,1,0,1,1,0,0,0,1,0,0,0,1,0,0,0
364,30.0,1,0,0,0,1,0,1,0,1,0,0,1,0,1,0,0,1,0,0,0,0
365,30.0,1,0,0,0,1,0,1,0,1,1,0,0,0,1,0,0,0,1,0,0,0
371,18.0,1,0,0,0,1,0,1,0,1,0,0,1,0,1,0,0,0,1,0,0,0
372,19.0,1,0,0,0,1,0,1,0,1,1,0,0,0,1,0,0,0,1,0,0,0
378,20.0,1,0,0,0,1,0,1,0,1,1,0,0,0,1,0,1,0,0,0,0,0
379,19.0,1,0,0,0,1,0,1,0,1,1,0,0,0,1,0,0,0,1,0,0,0
382,32.0,1,0,0,0,1,0,1,0,1,1,0,0,0,1,0,0,0,1,0,0,0
384,30.0,1,0,0,0,1,0,1,0,1,1,0,0,0,1,0,0,0,1,0,0,0
388,30.0,1,0,0,0,1,0,1,0,1,1,0,0,0,1,0,0,1,0,0,0,0
391,21.0,0,1,0,0,1,0,1,0,1,1,0,0,0,1,0,0,0,1,0,0,0
392,28.0,1,0,0,0,1,0,1,0,1,0,0,1,0,1,0,0,0,1,0,0,0
395,22.0,1,0,0,0,1,0,1,0,1,1,0,0,0,1,0,0,0,1,0,0,0
400,39.0,0,1,0,0,1,0,1,0,1,1,0,0,0,1,0,0,0,1,0,0,0
401,26.0,1,0,0,0,1,0,1,0,1,1,0,0,0,1,0,0,0,1,0,0,0
403,28.0,1,0,0,0,1,0,1,0,1,0,0,1,0,0,1,0,0,1,0,0,0
406,51.0,1,0,0,0,1,0,1,0,1,1,0,0,0,1,0,0,0,1,0,0,0
408,21.0,1,0,0,0,1,0,1,0,1,1,0,0,0,1,0,0,0,1,0,0,0
410,30.0,1,0,0,0,1,0,1,0,1,1,0,0,0,1,0,0,0,1,0,0,0
411,30.0,1,0,0,0,1,0,1,0,1,1,0,0,0,1,0,0,1,0,0,0,0
414,44.0,0,1,0,0,1,0,1,0,1,1,0,0,0,1,0,0,0,1,0,0,0
420,30.0,1,0,0,0,1,0,1,0,1,1,0,0,0,1,0,1,0,0,0,0,0
421,21.0,1,0,0,0,1,0,1,0,1,1,0,0,0,1,0,0,1,0,0,0,0
422,29.0,1,0,0,0,1,0,1,0,1,1,0,0,0,1,0,0,0,1,0,0,0
424,18.0,1,0,0,0,1,0,1,0,1,0,0,1,0,0,1,0,0,1,0,0,0
425,30.0,1,0,0,0,1,0,1,0,1,1,0,0,0,1,0,0,0,1,0,0,0
428,30.0,1,0,0,0,1,0,1,0,1,1,0,0,0,1,0,0,1,0,0,0,0
429,32.0,0,1,0,0,1,0,1,0,1,1,0,0,0,1,0,0,0,1,0,0,0
433,17.0,1,0,0,0,1,0,1,0,1,1,0,0,0,1,0,0,0,1,0,0,0
441,20.0,1,0,0,0,1,0,1,0,1,1,0,0,0,1,0,0,0,1,0,0,0
442,25.0,1,0,0,0,1,0,1,0,1,0,0,1,0,1,0,0,0,1,0,0,0
444,30.0,0,1,0,0,1,0,1,0,1,1,0,0,0,1,0,0,0,1,0,0,0
451,30.0,1,0,0,0,1,0,1,0,1,0,0,1,0,0,1,0,0,1,0,0,0
454,30.0,1,0,0,0,1,0,1,0,1,1,0,0,0,1,0,0,0,1,0,0,0
455,29.0,0,1,0,0,1,0,1,0,1,1,0,0,0,1,0,1,0,0,0,0,0
459,30.0,1,0,0,0,1,0,1,0,1,1,0,0,0,1,0,0,1,0,0,0,0
461,34.0,1,0,0,0,1,0,1,0,1,1,0,0,0,1,0,0,0,1,0,0,0
464,30.0,1,0,0,0,1,0,1,0,1,1,0,0,0,1,0,0,0,1,0,0,0
465,38.0,1,0,0,0,1,0,1,0,1,1,0,0,0,1,0,0,0,1,0,0,0
468,30.0,1,0,0,0,1,0,1,0,1,1,0,0,0,1,0,0,1,0,0,0,0
470,30.0,1,0,0,0,1,0,1,0,1,1,0,0,0,1,0,0,0,1,0,0,0
471,38.0,1,0,0,0,1,0,1,0,1,1,0,0,0,1,0,0,0,1,0,0,0
477,29.0,1,0,0,0,1,0,1,0,1,0,0,1,0,1,0,0,0,1,0,0,0
478,22.0,1,0,0,0,1,0,1,0,1,1,0,0,0,1,0,0,0,1,0,0,0
482,50.0,1,0,0,0,1,0,1,0,1,1,0,0,0,1,0,0,0,1,0,0,0
488,30.0,1,0,0,0,1,0,1,0,1,1,0,0,0,1,0,0,0,1,0,0,0
490,30.0,1,0,0,0,1,0,1,0,1,0,0,1,0,0,1,0,0,1,0,0,0
491,21.0,1,0,0,0,1,0,1,0,1,1,0,0,0,1,0,0,0,1,0,0,0
494,21.0,1,0,0,0,1,0,1,0,1,1,0,0,0,1,0,0,0,1,0,0,0
495,30.0,1,0,0,0,1,0,1,0,1,1,0,0,0,1,0,1,0,0,0,0,0
497,30.0,1,0,0,0,1,0,1,0,1,1,0,0,0,1,0,0,0,1,0,0,0
499,24.0,1,0,0,0,1,0,1,0,1,1,0,0,0,1,0,0,0,1,0,0,0
500,17.0,1,0,0,0,1,0,1,0,1,1,0,0,0,1,0,0,0,1,0,0,0
508,28.0,1,0,0,0,1,0,1,0,1,1,0,0,0,0,1,0,0,1,0,0,0
509,26.0,0,1,0,0,1,0,1,0,1,1,0,0,1,0,0,0,0,1,0,0,0
510,29.0,0,1,0,0,1,0,1,0,1,1,0,0,0,1,0,0,1,0,0,0,0
511,30.0,1,0,0,0,1,0,1,0,1,1,0,0,0,1,0,0,0,1,0,0,0
514,24.0,1,0,0,0,1,0,1,0,1,1,0,0,0,1,0,0,0,1,0,0,0
517,30.0,1,0,0,0,1,0,1,0,1,1,0,0,0,0,1,0,1,0,0,0,0
519,32.0,1,0,0,0,1,0,1,0,1,1,0,0,0,1,0,0,0,1,0,0,0
521,22.0,1,0,0,0,1,0,1,0,1,1,0,0,0,1,0,0,0,1,0,0,0
522,30.0,1,0,0,0,1,0,1,0,1,1,0,0,0,1,0,1,0,0,0,0,0
524,30.0,1,0,0,0,1,0,1,0,1,1,0,0,0,1,0,1,0,0,0,0,0
525,40.5,1,0,0,0,1,0,1,0,1,1,0,0,0,1,0,0,1,0,0,0,0
528,39.0,1,0,0,0,1,0,1,0,1,1,0,0,0,1,0,0,0,1,0,0,0
531,30.0,1,0,0,0,1,0,1,0,1,1,0,0,0,1,0,1,0,0,0,0,0
532,17.0,1,0,0,0,1,0,1,0,1,0,0,1,0,1,0,1,0,0,0,0,0
538,30.0,1,0,0,0,1,0,1,0,1,1,0,0,0,1,0,0,0,1,0,0,0
548,33.0,1,0,0,0,1,0,1,0,1,0,0,1,0,0,1,0,0,1,0,0,0
552,30.0,1,0,0,0,1,0,1,0,1,1,0,0,0,1,0,0,1,0,0,0,0
553,22.0,0,1,0,0,1,0,1,0,1,1,0,0,0,1,0,1,0,0,0,0,0
560,30.0,1,0,0,0,1,0,1,0,1,1,0,0,0,1,0,0,1,0,0,0,0
561,40.0,1,0,0,0,1,0,1,0,1,1,0,0,0,1,0,0,0,1,0,0,0
563,30.0,1,0,0,0,1,0,1,0,1,1,0,0,0,1,0,0,0,1,0,0,0
565,24.0,1,0,0,0,1,0,1,0,1,0,0,1,0,0,1,0,0,1,0,0,0
566,19.0,1,0,0,0,1,0,1,0,1,1,0,0,0,1,0,0,0,1,0,0,0
568,30.0,1,0,0,0,1,0,1,0,1,1,0,0,0,1,0,1,0,0,0,0,0
569,32.0,0,1,0,0,1,0,1,0,1,1,0,0,0,1,0,0,0,1,0,0,0
574,16.0,1,0,0,0,1,0,1,0,1,1,0,0,0,1,0,0,0,1,0,0,0
575,19.0,1,0,0,0,1,0,1,0,1,1,0,0,0,1,0,0,0,1,0,0,0
579,32.0,0,1,0,0,1,0,1,0,1,1,0,0,0,1,0,0,0,1,0,0,0
584,30.0,1,0,0,0,1,0,1,0,1,1,0,0,0,1,0,1,0,0,0,0,0
588,22.0,1,0,0,0,1,0,1,0,1,1,0,0,0,1,0,0,0,1,0,0,0
589,30.0,1,0,0,0,1,0,1,0,1,1,0,0,0,1,0,0,0,1,0,0,0
590,35.0,1,0,0,0,1,0,1,0,1,1,0,0,0,1,0,0,0,1,0,0,0
592,47.0,1,0,0,0,1,0,1,0,1,1,0,0,0,1,0,0,0,1,0,0,0
595,36.0,1,0,0,0,1,0,1,0,1,0,0,1,0,0,1,0,0,1,0,0,0
597,49.0,1,0,0,0,1,0,1,0,1,1,0,0,0,1,0,0,0,1,0,0,0
598,30.0,1,0,0,0,1,0,1,0,1,1,0,0,0,1,0,1,0,0,0,0,0
601,30.0,1,0,0,0,1,0,1,0,1,1,0,0,0,1,0,0,0,1,0,0,0
603,44.0,1,0,0,0,1,0,1,0,1,1,0,0,0,1,0,0,0,1,0,0,0
605,36.0,1,0,0,0,1,0,1,0,1,0,0,1,0,0,1,0,0,1,0,0,0
606,30.0,1,0,0,0,1,0,1,0,1,1,0,0,0,1,0,0,0,1,0,0,0
611,30.0,1,0,0,0,1,0,1,0,1,1,0,0,0,1,0,0,0,1,0,0,0
613,30.0,1,0,0,0,1,0,1,0,1,1,0,0,0,1,0,0,1,0,0,0,0
614,35.0,1,0,0,0,1,0,1,0,1,1,0,0,0,1,0,0,0,1,0,0,0
616,34.0,1,0,0,0,1,0,1,0,1,0,0,1,0,1,0,0,0,1,0,0,0
620,27.0,1,0,0,0,1,0,1,0,1,0,0,1,0,1,0,1,0,0,0,0,0
622,20.0,0,1,0,0,1,0,1,0,1,0,0,1,0,0,1,1,0,0,0,0,0
623,21.0,1,0,0,0,1,0,1,0,1,1,0,0,0,1,0,0,0,1,0,0,0
624,21.0,1,0,0,0,1,0,1,0,1,1,0,0,0,0,1,0,0,1,0,0,0
628,26.0,1,0,0,0,1,0,1,0,1,1,0,0,0,1,0,0,0,1,0,0,0
629,30.0,1,0,0,0,1,0,1,0,1,1,0,0,0,1,0,0,1,0,0,0,0
631,51.0,1,0,0,0,1,0,1,0,1,1,0,0,0,1,0,0,0,1,0,0,0
636,32.0,1,0,0,0,1,0,1,0,1,1,0,0,0,1,0,0,0,1,0,0,0
639,30.0,1,0,0,0,1,0,1,0,1,0,0,1,0,0,1,0,0,1,0,0,0
640,20.0,1,0,0,0,1,0,1,0,1,1,0,0,0,1,0,0,0,1,0,0,0
643,30.0,0,1,0,0,1,0,1,0,1,1,0,0,1,0,0,0,0,1,0,0,0
646,19.0,1,0,0,0,1,0,1,0,1,1,0,0,0,1,0,0,0,1,0,0,0
648,30.0,1,0,0,0,1,0,1,0,1,1,0,0,0,1,0,0,0,1,0,0,0
650,30.0,1,0,0,0,1,0,1,0,1,1,0,0,0,1,0,0,0,1,0,0,0
652,21.0,1,0,0,0,1,0,1,0,1,1,0,0,0,1,0,0,0,1,0,0,0
656,30.0,1,0,0,0,1,0,1,0,1,1,0,0,0,1,0,0,0,1,0,0,0
661,40.0,1,0,0,0,1,0,1,0,1,1,0,0,0,1,0,1,0,0,0,0,0
663,36.0,1,0,0,0,1,0,1,0,1,1,0,0,0,1,0,0,0,1,0,0,0
664,20.0,0,1,0,0,1,0,1,0,1,0,0,1,0,1,0,0,0,1,0,0,0
667,30.0,1,0,0,0,1,0,1,0,1,1,0,0,0,1,0,0,0,1,0,0,0
668,43.0,1,0,0,0,1,0,1,0,1,1,0,0,0,1,0,0,0,1,0,0,0
675,18.0,1,0,0,0,1,0,1,0,1,1,0,0,0,1,0,0,0,1,0,0,0
676,24.5,1,0,0,0,1,0,1,0,1,1,0,0,0,1,0,0,0,1,0,0,0
682,20.0,1,0,0,0,1,0,1,0,1,1,0,0,0,1,0,0,0,1,0,0,0
683,14.0,1,0,0,0,1,0,1,0,1,0,1,0,1,0,0,0,0,1,0,0,0
686,14.0,1,0,0,0,1,0,1,0,1,0,1,0,1,0,0,0,0,1,0,0,0
687,19.0,1,0,0,0,1,0,1,0,1,1,0,0,0,1,0,0,0,1,0,0,0
688,18.0,1,0,0,0,1,0,1,0,1,1,0,0,0,1,0,0,0,1,0,0,0
692,30.0,0,1,0,0,1,0,1,0,1,1,0,0,1,0,0,0,0,1,0,0,0
693,25.0,1,0,0,0,1,0,1,0,1,1,0,0,0,1,0,1,0,0,0,0,0
696,44.0,1,0,0,0,1,0,1,0,1,1,0,0,0,1,0,0,0,1,0,0,0
699,42.0,1,0,0,0,1,0,1,0,1,1,0,0,0,1,0,0,0,1,0,0,0
703,25.0,1,0,0,0,1,0,1,0,1,1,0,0,0,1,0,0,1,0,0,0,0
704,26.0,1,0,0,0,1,0,1,0,1,0,0,1,0,1,0,0,0,1,0,0,0
713,29.0,1,0,0,0,1,0,1,0,1,1,0,0,0,1,0,0,0,1,0,0,0
715,19.0,1,0,0,0,1,0,1,0,1,1,0,0,0,1,0,0,0,1,0,0,0
718,30.0,1,0,0,0,1,0,1,0,1,1,0,0,0,1,0,0,1,0,0,0,0
719,33.0,1,0,0,0,1,0,1,0,1,1,0,0,0,1,0,0,0,1,0,0,0
721,17.0,1,0,0,0,1,0,1,0,1,0,0,1,0,1,0,0,0,1,0,0,0
725,20.0,1,0,0,0,1,0,1,0,1,1,0,0,0,1,0,0,0,1,0,0,0
731,11.0,1,0,0,0,1,0,1,0,1,1,0,0,0,0,1,1,0,0,0,0,0
735,28.5,1,0,0,0,1,0,1,0,1,1,0,0,0,0,1,0,0,1,0,0,0
738,30.0,1,0,0,0,1,0,1,0,1,1,0,0,0,1,0,0,0,1,0,0,0
739,30.0,1,0,0,0,1,0,1,0,1,1,0,0,0,1,0,0,0,1,0,0,0
743,24.0,1,0,0,0,1,0,1,0,1,0,0,1,0,0,1,0,0,1,0,0,0
744,31.0,0,1,0,0,1,0,1,0,1,1,0,0,0,1,0,0,0,1,0,0,0
746,16.0,1,0,0,0,1,0,1,0,1,0,0,1,0,0,1,0,0,1,0,0,0
749,31.0,1,0,0,0,1,0,1,0,1,1,0,0,0,1,0,0,1,0,0,0,0
752,33.0,1,0,0,0,1,0,1,0,1,1,0,0,0,1,0,0,0,1,0,0,0
753,23.0,1,0,0,0,1,0,1,0,1,1,0,0,0,1,0,0,0,1,0,0,0
756,28.0,1,0,0,0,1,0,1,0,1,1,0,0,0,1,0,0,0,1,0,0,0
758,34.0,1,0,0,0,1,0,1,0,1,1,0,0,0,1,0,0,0,1,0,0,0
760,30.0,1,0,0,0,1,0,1,0,1,1,0,0,0,1,0,0,0,1,0,0,0
761,41.0,1,0,0,0,1,0,1,0,1,1,0,0,0,1,0,0,0,1,0,0,0
762,20.0,0,1,0,0,1,0,1,0,1,1,0,0,0,1,0,1,0,0,0,0,0
764,16.0,1,0,0,0,1,0,1,0,1,1,0,0,0,1,0,0,0,1,0,0,0
768,30.0,1,0,0,0,1,0,1,0,1,0,0,1,0,0,1,0,1,0,0,0,0
769,32.0,1,0,0,0,1,0,1,0,1,1,0,0,0,1,0,0,0,1,0,0,0
770,24.0,1,0,0,0,1,0,1,0,1,1,0,0,0,1,0,0,0,1,0,0,0
771,48.0,1,0,0,0,1,0,1,0,1,1,0,0,0,1,0,0,0,1,0,0,0
773,30.0,1,0,0,0,1,0,1,0,1,1,0,0,0,1,0,1,0,0,0,0,0
775,18.0,1,0,0,0,1,0,1,0,1,1,0,0,0,1,0,0,0,1,0,0,0
776,30.0,1,0,0,0,1,0,1,0,1,1,0,0,0,1,0,0,1,0,0,0,0
778,30.0,1,0,0,0,1,0,1,0,1,1,0,0,0,1,0,0,1,0,0,0,0
783,30.0,1,0,0,0,1,0,1,0,1,0,0,1,0,0,1,0,0,1,0,0,0
784,25.0,1,0,0,0,1,0,1,0,1,1,0,0,0,1,0,0,0,1,0,0,0
785,25.0,1,0,0,0,1,0,1,0,1,1,0,0,0,1,0,0,0,1,0,0,0
790,30.0,1,0,0,0,1,0,1,0,1,1,0,0,0,1,0,0,1,0,0,0,0
794,25.0,1,0,0,0,1,0,1,0,1,1,0,0,0,1,0,0,0,1,0,0,0
798,30.0,1,0,0,0,1,0,1,0,1,1,0,0,0,1,0,1,0,0,0,0,0
804,27.0,0,1,0,0,1,0,1,0,1,1,0,0,0,1,0,0,0,1,0,0,0
805,31.0,1,0,0,0,1,0,1,0,1,1,0,0,0,1,0,0,0,1,0,0,0
810,26.0,1,0,0,0,1,0,1,0,1,1,0,0,0,1,0,0,0,1,0,0,0
811,39.0,1,0,0,0,1,0,1,0,1,1,0,0,0,0,1,0,0,1,0,0,0
814,30.5,1,0,0,0,1,0,1,0,1,1,0,0,0,1,0,0,0,1,0,0,0
818,43.0,1,0,0,0,1,0,1,0,1,1,0,0,0,1,0,0,0,1,0,0,0
821,27.0,0,1,0,0,1,0,1,0,1,1,0,0,0,1,0,0,0,1,0,0,0
825,30.0,1,0,0,0,1,0,1,0,1,1,0,0,0,1,0,0,1,0,0,0,0
826,30.0,1,0,0,0,1,0,1,0,1,1,0,0,1,0,0,0,0,1,0,0,0
828,30.0,0,1,0,0,1,0,1,0,1,1,0,0,0,1,0,0,1,0,0,0,0
832,30.0,1,0,0,0,1,0,1,0,1,1,0,0,0,1,0,1,0,0,0,0,0
833,23.0,1,0,0,0,1,0,1,0,1,1,0,0,0,1,0,0,0,1,0,0,0
834,18.0,1,0,0,0,1,0,1,0,1,1,0,0,0,1,0,0,0,1,0,0,0
836,21.0,1,0,0,0,1,0,1,0,1,1,0,0,0,1,0,0,0,1,0,0,0
837,30.0,1,0,0,0,1,0,1,0,1,1,0,0,0,1,0,0,0,1,0,0,0
838,32.0,0,1,0,0,1,0,1,0,1,1,0,0,1,0,0,0,0,1,0,0,0
840,20.0,1,0,0,0,1,0,1,0,1,1,0,0,0,1,0,0,0,1,0,0,0
843,34.5,1,0,0,0,1,0,1,0,1,1,0,0,0,1,0,1,0,0,0,0,0
844,17.0,1,0,0,0,1,0,1,0,1,1,0,0,0,1,0,0,0,1,0,0,0
845,42.0,1,0,0,0,1,0,1,0,1,1,0,0,0,1,0,0,0,1,0,0,0
846,30.0,1,0,0,0,1,0,1,0,1,0,1,0,1,0,0,0,0,1,0,0,0
847,35.0,1,0,0,0,1,0,1,0,1,1,0,0,0,1,0,1,0,0,0,0,0
851,74.0,1,0,0,0,1,0,1,0,1,1,0,0,0,1,0,0,0,1,0,0,0
859,30.0,1,0,0,0,1,0,1,0,1,1,0,0,0,1,0,1,0,0,0,0,0
860,41.0,1,0,0,0,1,0,1,0,1,0,0,1,0,1,0,0,0,1,0,0,0
868,30.0,1,0,0,0,1,0,1,0,1,1,0,0,0,1,0,0,0,1,0,0,0
870,26.0,1,0,0,0,1,0,1,0,1,1,0,0,0,1,0,0,0,1,0,0,0
873,47.0,1,0,0,0,1,0,1,0,1,1,0,0,0,1,0,0,0,1,0,0,0
876,20.0,1,0,0,0,1,0,1,0,1,1,0,0,0,1,0,0,0,1,0,0,0
877,19.0,1,0,0,0,1,0,1,0,1,1,0,0,0,1,0,0,0,1,0,0,0
878,30.0,1,0,0,0,1,0,1,0,1,1,0,0,0,1,0,0,0,1,0,0,0
881,33.0,1,0,0,0,1,0,1,0,1,1,0,0,0,1,0,0,0,1,0,0,0
884,25.0,1,0,0,0,1,0,1,0,1,1,0,0,0,1,0,0,0,1,0,0,0
890,32.0,1,0,0,0,1,0,1,0,1,1,0,0,0,1,0,0,1,0,0,0,0
8,27.0,0,1,0,0,1,0,0,1,0,0,0,1,0,1,0,0,0,1,0,1,0
18,31.0,1,0,0,0,1,0,0,1,0,0,0,1,0,0,1,0,0,1,0,1,0
19,35.0,0,1,0,0,1,0,0,1,0,1,0,0,0,1,0,1,0,0,0,1,0
25,38.0,0,1,0,0,1,0,0,1,0,0,1,0,1,0,0,0,0,1,0,1,0
40,40.0,1,0,0,0,1,0,0,1,0,0,0,1,0,1,0,0,0,1,0,1,0
49,18.0,1,0,0,0,1,0,0,1,0,0,0,1,0,0,1,0,0,1,0,1,0
85,33.0,0,1,0,0,1,0,0,1,0,0,0,1,0,0,1,0,0,1,0,1,0
132,47.0,1,0,0,0,1,0,0,1,0,0,0,1,0,1,0,0,0,1,0,1,0
140,35.0,1,0,0,0,1,0,0,1,0,0,0,1,0,1,0,1,0,0,0,1,0
142,24.0,0,1,0,0,1,0,0,1,0,0,0,1,0,0,1,0,0,1,0,1,0
167,45.0,1,0,0,0,1,0,0,1,0,0,1,0,1,0,0,0,0,1,0,1,0
186,35.0,0,1,0,0,1,0,0,1,0,0,0,1,0,1,0,0,1,0,0,1,0
251,29.0,1,0,0,0,1,0,0,1,0,0,0,1,0,1,0,0,0,1,0,1,0
254,41.0,1,0,0,0,1,0,0,1,0,0,0,1,0,0,1,0,0,1,0,1,0
255,29.0,0,1,0,0,1,0,0,1,0,0,0,1,0,1,0,1,0,0,0,1,0
279,35.0,0,1,0,0,1,0,0,1,0,0,0,1,0,0,1,0,0,1,0,1,0
328,31.0,0,1,0,0,1,0,0,1,0,0,0,1,0,0,1,0,0,1,0,1,0
347,35.0,0,1,0,0,1,0,0,1,0,0,0,1,0,0,1,0,0,1,0,1,0
362,45.0,1,0,0,0,1,0,0,1,0,0,0,1,0,1,0,1,0,0,0,1,0
367,35.0,0,1,0,0,1,0,0,1,0,1,0,0,0,1,0,1,0,0,0,1,0
394,24.0,0,1,0,0,1,0,0,1,0,0,0,1,0,0,1,0,0,1,0,1,0
415,35.0,1,0,0,0,1,0,0,1,0,1,0,0,0,1,0,0,0,1,0,1,0
423,28.0,1,0,0,0,1,0,0,1,0,0,0,1,0,1,0,0,0,1,0,1,0
431,35.0,0,1,0,0,1,0,0,1,0,0,0,1,0,0,1,0,0,1,0,1,0
483,63.0,0,1,0,0,1,0,0,1,0,1,0,0,0,1,0,0,0,1,0,1,0
533,35.0,0,1,0,0,1,0,0,1,0,0,0,1,0,0,1,1,0,0,0,1,0
559,36.0,0,1,0,0,1,0,0,1,0,0,0,1,0,0,1,0,0,1,0,1,0
567,29.0,1,0,0,0,1,0,0,1,0,0,1,0,0,0,1,0,0,1,0,1,0
578,35.0,1,0,0,0,1,0,0,1,0,0,0,1,0,1,0,1,0,0,0,1,0
610,39.0,1,0,0,0,1,0,0,1,0,0,1,0,1,0,0,0,0,1,0,1,0
617,26.0,1,0,0,0,1,0,0,1,0,0,0,1,0,0,1,0,0,1,0,1,0
638,41.0,1,0,0,0,1,0,0,1,0,0,1,0,1,0,0,0,0,1,0,1,0
657,32.0,1,0,0,0,1,0,0,1,0,0,0,1,0,1,0,0,1,0,0,1,0
678,43.0,1,0,0,0,1,0,0,1,0,0,1,0,1,0,0,0,0,1,0,1,0
736,48.0,1,0,0,0,1,0,0,1,0,0,1,0,1,0,0,0,0,1,0,1,0
797,31.0,0,1,0,0,1,0,0,1,0,1,0,0,0,1,0,0,0,1,0,1,0
799,30.0,1,0,0,0,1,0,0,1,0,0,0,1,0,0,1,0,0,1,0,1,0
823,27.0,0,1,0,0,1,0,0,1,0,0,0,1,0,1,0,0,0,1,0,1,0
830,15.0,0,1,0,0,1,0,0,1,0,0,0,1,0,1,0,1,0,0,0,1,0
855,18.0,0,1,0,0,1,0,0,1,0,0,0,1,0,1,0,0,0,1,0,1,0
858,24.0,0,1,0,0,1,0,0,1,0,0,0,1,0,0,1,1,0,0,0,1,0
885,39.0,1,0,0,0,1,0,0,1,0,0,1,0,1,0,0,0,1,0,0,1,0
